"taskId","variant","repeat","path","previousStartSeq","currentStartSeq","previousCallId","currentCallId","previousOk","currentOk","successfulReadBack","comparableOutputs","sameVisibleOutput","previousOutputSha256","currentOutputSha256","interveningSuccessfulMutations"
"b01-normalize","baseline","1","normalize.mjs","7","21","call_00_nlmZICFZGdSj2X9pm2Lp8975","call_00_5GwsUj5x0m0P4ZvBZoe67255","true","true","true","true","false","702d3ec9d0de629f5482903eab60d025b3ea6409c6d0cf07a3ca4c85acf7622a","e8caae1896d8033087581433a4127c5d66c4f3f2bef489f337e3bce7f55dfc72","[{""name"":""edit_file"",""callId"":""call_00_q3Mzpmv0RuFmlTOQMjfq6682"",""startSeq"":14,""endSeq"":15}]"
"b01-normalize","context","1","normalize.mjs","7","21","call_00_vIE4UbVZ1jabhmIMmZIL0341","call_00_VcKNQ2VxRu2ty1YEjSXr1238","true","true","true","true","false","702d3ec9d0de629f5482903eab60d025b3ea6409c6d0cf07a3ca4c85acf7622a","e8caae1896d8033087581433a4127c5d66c4f3f2bef489f337e3bce7f55dfc72","[{""name"":""edit_file"",""callId"":""call_00_p7ykJj4TGFjGqV8ywT3i5039"",""startSeq"":14,""endSeq"":15}]"
"b01-normalize","optimizer","1","normalize.mjs","16","33","call_00_QHZmYnRrIXPdgDne57M43630","call_00_LYzt0aQRP9LTEzyMqm0B8726","true","true","true","true","false","702d3ec9d0de629f5482903eab60d025b3ea6409c6d0cf07a3ca4c85acf7622a","e8caae1896d8033087581433a4127c5d66c4f3f2bef489f337e3bce7f55dfc72","[{""name"":""edit_file"",""callId"":""call_00_NnlQOPBVmfYCJjWxdTb11365"",""startSeq"":26,""endSeq"":27}]"
"b01-normalize","full","1","normalize.mjs","9","23","call_00_6ZAL9Wcl9Bhj4h8uv1VD1511","call_00_hrhEVs5OsU2wgFyUA6Q75187","true","true","true","true","false","702d3ec9d0de629f5482903eab60d025b3ea6409c6d0cf07a3ca4c85acf7622a","e8caae1896d8033087581433a4127c5d66c4f3f2bef489f337e3bce7f55dfc72","[{""name"":""edit_file"",""callId"":""call_00_DbBQdfanbP6BSaejQY1H3569"",""startSeq"":16,""endSeq"":17}]"
"b02-counter","optimizer","1","counter.mjs","12","33","call_01_6qR9BWE0eRaC1gIN4KGs8815","call_00_XcCZ4pMCuxVMYKa337h68622","true","true","true","true","false","e5c6ad5146d45344d82c755c998b4d318de76df4958cb94b208d95db7dc2e41e","97934da71c40566bad7d1c0e2a2a552868f3158debb42a08143eb62b46bd8b05","[{""name"":""write_file"",""callId"":""call_00_rdpKfEyshOTn86q6mBIU1873"",""startSeq"":26,""endSeq"":27}]"
"b03-config","optimizer","1","config.mjs","16","33","call_00_Pv0nrW8rW5MTnQMNp2nq1427","call_00_Sns7wxhw9ydGovYE62MT3634","true","true","true","true","false","123dfdc2781c0bd9c5129e10510d5984b37a44beb54c07e4e04f5f32dc3c5730","7f4a847b026b0a1b53c5e57b196c805a8b039d71b98a55f84b73fa84bee52a75","[{""name"":""write_file"",""callId"":""call_00_qqlJ6H3WVBSDe51G6Pul7933"",""startSeq"":26,""endSeq"":27}]"
"b03-config","optimizer","1","config.mjs","33","68","call_00_Sns7wxhw9ydGovYE62MT3634","call_00_HJiwQZZDBrrUFfnPWKmX3474","true","true","true","true","true","7f4a847b026b0a1b53c5e57b196c805a8b039d71b98a55f84b73fa84bee52a75","7f4a847b026b0a1b53c5e57b196c805a8b039d71b98a55f84b73fa84bee52a75","[{""name"":""edit_file"",""callId"":""call_00_iq7nDoQGNPs499kvT72G3541"",""startSeq"":40,""endSeq"":41},{""name"":""edit_file"",""callId"":""call_00_AtNhiF5rMbQjZ2u9oOwr6097"",""startSeq"":47,""endSeq"":48}]"
"b03-config","full","1","config.mjs","16","33","call_00_jESa9v4RtfNLPmQHKqoo4084","call_00_DhVNUFtmiBe9drVd8u9I6629","true","true","true","true","false","123dfdc2781c0bd9c5129e10510d5984b37a44beb54c07e4e04f5f32dc3c5730","aa75cc51bbb907c13e1b0c658dd3a65ad6d9ca40ac99ee7fd512db67ac9d0f0e","[{""name"":""write_file"",""callId"":""call_00_qEUT8XUrRJWSEolNdoXP1284"",""startSeq"":26,""endSeq"":27}]"
"b03-config","full","1","config.mjs","33","75","call_00_DhVNUFtmiBe9drVd8u9I6629","call_00_SHlFWeq190Zv0jg2gSXw8501","true","true","true","true","false","aa75cc51bbb907c13e1b0c658dd3a65ad6d9ca40ac99ee7fd512db67ac9d0f0e","bb5083d6333f974aca6e2e96756ebe467c0884d1d2add8a2dbc20d6f8912300c","[{""name"":""edit_file"",""callId"":""call_00_ATzc7AQROXvomgsLDqHX6776"",""startSeq"":40,""endSeq"":41},{""name"":""edit_file"",""callId"":""call_00_GFR389T99M5QMZujVQnj5177"",""startSeq"":47,""endSeq"":48},{""name"":""edit_file"",""callId"":""call_00_MoHhTofUs4QmyPX8NRCn3320"",""startSeq"":54,""endSeq"":55},{""name"":""edit_file"",""callId"":""call_00_eK7bOd72J90VbsjyHQuI8426"",""startSeq"":61,""endSeq"":62},{""name"":""edit_file"",""callId"":""call_00_NNBDQ97KvoJ5W5DwoHuq5975"",""startSeq"":68,""endSeq"":69}]"
"b03-config","full","1","public.test.mjs","19","106","call_01_ZIznQ55aby8DpVZcPnzY8756","call_00_LuoFRCQqTZSYx6Gxd8j44366","true","true","true","true","true","cf86e0fc3ae6220befd9579a627581dc50175feb2c9c6c72c11f6a62a026ee10","cf86e0fc3ae6220befd9579a627581dc50175feb2c9c6c72c11f6a62a026ee10","[]"
"b03-config","baseline","1","config.mjs","7","35","call_00_HOMeF7n77p3tYsR4CSHZ0303","call_00_pUPP8Hc9m7RxHo5vueHn7856","true","true","true","true","false","123dfdc2781c0bd9c5129e10510d5984b37a44beb54c07e4e04f5f32dc3c5730","05cde4b5520358ec2633b161675ad1d484db5858510ec1e5fb5f45f29d51b951","[{""name"":""write_file"",""callId"":""call_00_0w251O02yDxQVEcPU8uR8671"",""startSeq"":28,""endSeq"":29}]"
"b03-config","baseline","1","config.mjs","35","49","call_00_pUPP8Hc9m7RxHo5vueHn7856","call_00_uiE0Tr4HP8DUzibuHE3N7705","true","true","true","true","false","05cde4b5520358ec2633b161675ad1d484db5858510ec1e5fb5f45f29d51b951","a2a053081406c4a23b807ce70c3c9f82cf1e5a841168a0f9afc3aaca60a328f3","[{""name"":""write_file"",""callId"":""call_00_NXc2MAgOHgGkYLqrqCnZ3115"",""startSeq"":42,""endSeq"":43}]"
"b03-config","context","1","config.mjs","7","35","call_00_O5JU9Sovess2pIBi4dwe4136","call_00_xtEG7zQPS0YuqmOu2fve8369","true","true","true","true","false","123dfdc2781c0bd9c5129e10510d5984b37a44beb54c07e4e04f5f32dc3c5730","6d375028b39a580e974acaa443ce216b9520dbd64438a8804bba93a2bcb55280","[{""name"":""write_file"",""callId"":""call_00_MPFzUMip7in7BWdBIn4C3200"",""startSeq"":28,""endSeq"":29}]"
"b03-config","context","1","config.mjs","35","49","call_00_xtEG7zQPS0YuqmOu2fve8369","call_00_A7A5z5bDpSdfdot2mXh85069","true","true","true","true","false","6d375028b39a580e974acaa443ce216b9520dbd64438a8804bba93a2bcb55280","4ddc8f6f58aa24eed413458ede35620f6ed8de26b60e736e98d17dd94f0e8c07","[{""name"":""edit_file"",""callId"":""call_00_soFKBJCZQBzhKOK7s2jU4650"",""startSeq"":42,""endSeq"":43}]"
"f01-tags","full","1","tags.mjs","16","33","call_00_Pr4WmEl2lJQeR2CI92Vy5027","call_00_Mydo9ZA63jU8NczrcEm85853","true","true","true","true","false","852fa85117b3195be444424da3017b666a8a41668f9d01992b15f9342f156bd8","c01bd123244a7794f5622263dd8dcb09b6781fb5ceffdd2d9e4d4af325d66c13","[{""name"":""write_file"",""callId"":""call_00_9ab2dZVFTq9XZTVMnqAx3668"",""startSeq"":26,""endSeq"":27}]"
"f01-tags","baseline","1","tags.mjs","14","31","call_00_QgbUBrUur3W5S0zbcCdx3117","call_00_OUkKHRXzLDnbsN1SBBNK1003","true","true","true","true","false","852fa85117b3195be444424da3017b666a8a41668f9d01992b15f9342f156bd8","c01bd123244a7794f5622263dd8dcb09b6781fb5ceffdd2d9e4d4af325d66c13","[{""name"":""write_file"",""callId"":""call_00_ReXxNtvTEm27aUCyERdB9697"",""startSeq"":24,""endSeq"":25}]"
"f01-tags","context","1","tags.mjs","14","31","call_00_dTU9F5Uz8JvdlGZxDkkb1859","call_00_9YP3Awnef9rSiCAQUH7P1806","true","true","true","true","false","852fa85117b3195be444424da3017b666a8a41668f9d01992b15f9342f156bd8","c01bd123244a7794f5622263dd8dcb09b6781fb5ceffdd2d9e4d4af325d66c13","[{""name"":""write_file"",""callId"":""call_00_58xbD7BXWqA0s6L495eO3800"",""startSeq"":24,""endSeq"":25}]"
"f01-tags","optimizer","1","tags.mjs","16","33","call_00_4VgEHRkS18YRLxphowtU1477","call_00_87soYPRBzCN0KF075M9u3464","true","true","true","true","false","852fa85117b3195be444424da3017b666a8a41668f9d01992b15f9342f156bd8","c01bd123244a7794f5622263dd8dcb09b6781fb5ceffdd2d9e4d4af325d66c13","[{""name"":""write_file"",""callId"":""call_00_inevYf6tZLVmk9t16CcA9412"",""startSeq"":26,""endSeq"":27}]"
"f02-pagination","baseline","1","pagination.mjs","7","21","call_00_mwwGLaodGU0s9uY6IA3T8129","call_00_V2jvAUrtldXKnjvtZFhz5063","true","true","true","true","false","3283af26194748acb21d30ed87c1a9bbb611ac2b2193d29e767c4aa74dcf534b","c54aff0ca3a64b4769c9dcf7e805ea5ba93acf4ecb03335650b092a9839a7940","[{""name"":""write_file"",""callId"":""call_00_hTgZFGsOGd2wj7zB39920660"",""startSeq"":14,""endSeq"":15}]"
"f03-ranges","context","1","ranges.mjs","14","31","call_00_xlQxwZsfZBvpW3rXtl8v6311","call_00_eimVMUUFf8rhwRdKnMZH9949","true","true","true","true","false","f43c1cafe156f86886a63252753837bfd8b57f18b315b6a984e6cf14c351f2b9","0287961783666ba3edd4a02ba21232668585698c0b39abe69f68f96e6f478d46","[{""name"":""write_file"",""callId"":""call_00_HOSH1zQgfPunQau8sc2Y0633"",""startSeq"":24,""endSeq"":25}]"
"f03-ranges","optimizer","1","ranges.mjs","16","33","call_00_wMRW9wzTxRtiybuKIyH09977","call_00_85X4n9HTC7kEnsnR4tVY1324","true","true","true","true","false","f43c1cafe156f86886a63252753837bfd8b57f18b315b6a984e6cf14c351f2b9","8ef6d528dde8a657b6fc0799b6228754624ca5a7987b03c7da5d93e110d58c35","[{""name"":""write_file"",""callId"":""call_00_YnyvLxNn5epNmVLHnssF2427"",""startSeq"":26,""endSeq"":27}]"
"f03-ranges","full","1","ranges.mjs","16","33","call_00_fauEWlJnaoQj7xoRnKlK4859","call_00_oYK288S7fVTA0V12Rlth7348","true","true","true","true","false","f43c1cafe156f86886a63252753837bfd8b57f18b315b6a984e6cf14c351f2b9","8ef6d528dde8a657b6fc0799b6228754624ca5a7987b03c7da5d93e110d58c35","[{""name"":""write_file"",""callId"":""call_00_tQhbv8FPzDmkxUsvA7ZC5646"",""startSeq"":26,""endSeq"":27}]"
"f03-ranges","full","1","public.test.mjs","19","47","call_01_rSPxI8TGrNEKT3TkbsCM1016","call_00_j9O6Y7a6QrppCqAOBVXa5155","true","true","true","true","true","be845efbdf58c5e0f038bf009b01072f90e5fbf05b6f1ab0deb444ba8864052b","be845efbdf58c5e0f038bf009b01072f90e5fbf05b6f1ab0deb444ba8864052b","[]"
"f03-ranges","baseline","1","ranges.mjs","14","31","call_00_mrBltJRhOJiqvZFyPK1t1993","call_00_M2VdclNGvMhMI5q0SH6I7519","true","true","true","true","false","f43c1cafe156f86886a63252753837bfd8b57f18b315b6a984e6cf14c351f2b9","65f5278217854d9a5d2dc8327a447b02eb96c2b246a7b0ce16b00df0d18e68cc","[{""name"":""write_file"",""callId"":""call_00_gUQash9964U2nbP9PrqF6682"",""startSeq"":24,""endSeq"":25}]"
"h01-config-pipeline","optimizer","1","src/index.mjs","16","85","call_00_1Psx8AZdnkKUXPNqehXX4846","call_00_Cl7wX4K91z4pJRvPV9cQ1721","true","true","true","true","true","c2bd8855d62db683dac459234b698a663e353afbe0223e6f72042498a0726ee6","c2bd8855d62db683dac459234b698a663e353afbe0223e6f72042498a0726ee6","[]"
"h01-config-pipeline","optimizer","1","src/merge.mjs","35","134","call_03_Wgu8QR4c9cSLPJd9sT0p7450","call_00_UQvDSqk00VO2LqChiwdQ0278","true","true","true","true","false","4aa593488bb78234db26dba2e478ed840907b5b9a3339f9fea386ebeb02e55d4","79393223f6b41ab845932833277d13d2797dd49f8ae1ba8faa96997c9c4a3908","[{""name"":""write_file"",""callId"":""call_00_JFvoxz9ZTXnz2EWqbFf03645"",""startSeq"":64,""endSeq"":65},{""name"":""edit_file"",""callId"":""call_00_SKnGijOfyPbxcmijqlTD2462"",""startSeq"":120,""endSeq"":121}]"
"h01-config-pipeline","full","1","src/index.mjs","16","92","call_00_57ds6UhLH2n2NJdmuSuW7540","call_00_bytdjPHJ2pzxzXGbaVVL0099","true","true","true","true","true","c2bd8855d62db683dac459234b698a663e353afbe0223e6f72042498a0726ee6","c2bd8855d62db683dac459234b698a663e353afbe0223e6f72042498a0726ee6","[]"
"h01-config-pipeline","full","1","src/merge.mjs","35","106","call_03_UsjDrHkSCGzUlwPUCMmN2033","call_00_0TOCA6RCVFyGjJzgj9zX6043","true","true","true","true","false","4aa593488bb78234db26dba2e478ed840907b5b9a3339f9fea386ebeb02e55d4","9165661510ef5f0e2451e8445291637b199ad2a92052d2cb8b64b65c1ad54517","[{""name"":""write_file"",""callId"":""call_00_IKknqzWV4Hl6OFWCcqZn0640"",""startSeq"":64,""endSeq"":65}]"
"h01-config-pipeline","full","1","src/env-config.mjs","32","109","call_02_UEnPFJZf77WlL4SEtc280961","call_01_LDfuSbBETQtq13pBgHZO9173","true","true","true","true","false","fe0eecff2b015b29b00d5e44520939211150093169d6c6cfb7748ee0e5545f44","80a1a328c0834116058aea730cec5040e3168c61e9e07ff3238e1e9ebcf02a75","[{""name"":""write_file"",""callId"":""call_00_LlpbkkjjNo5RwgdrvhhP8027"",""startSeq"":71,""endSeq"":72}]"
"h01-config-pipeline","full","1","src/validate.mjs","38","112","call_04_84jaa6XqQwGXMwdBiCHo1429","call_02_wpvRPiMbSyPcqDsV9INm5205","true","true","true","true","false","c7356ab18f692343d74a6059121ebef01dd81a95b7b9259895de0fb183d470b8","43ea8bdc6de1dbf9ec8b485ddb37405845db85814dfa14d8503264614466b24f","[{""name"":""write_file"",""callId"":""call_00_5xdmGkl1MqWuzXkt83Hk7305"",""startSeq"":78,""endSeq"":79}]"
"h01-config-pipeline","full","1","src/legacy.mjs","44","122","call_06_l8I7TfezN94B3lASE6573876","call_00_QGGs8mqmnKz8WgItee8p8820","true","true","true","true","true","84cb16119c34ada7be29ba94b93e44a79e945f140ea8ec791baaee117c3d54f2","84cb16119c34ada7be29ba94b93e44a79e945f140ea8ec791baaee117c3d54f2","[]"
"h01-config-pipeline","full","1","src/format.mjs","41","125","call_05_tCxIWY36AqX0o2LpO0yE9756","call_01_rTMVDq3LZTfvdU9LRVxt0739","true","true","true","true","true","563b9713ce52ff02b38e23cc6fa2a6d29310e3c2b28696877918c950dd630ba8","563b9713ce52ff02b38e23cc6fa2a6d29310e3c2b28696877918c950dd630ba8","[]"
"h01-config-pipeline","baseline","1","src/file-config.mjs","23","82","call_03_gMQIN7WP7bPoIBCUeZCe6671","call_00_RnWJCydiUOP9XUOBQMXi3168","true","true","true","true","true","f92ec1a8c0637835eb54496bb8ca6a195e1613aaba6d3db9d9943fd295855d63","f92ec1a8c0637835eb54496bb8ca6a195e1613aaba6d3db9d9943fd295855d63","[]"
"h01-config-pipeline","baseline","1","src/index.mjs","14","85","call_00_StzSoKtFufsb2NMZji8E9251","call_01_uLumIqP8RalLXhynYp2A4036","true","true","true","true","true","c2bd8855d62db683dac459234b698a663e353afbe0223e6f72042498a0726ee6","c2bd8855d62db683dac459234b698a663e353afbe0223e6f72042498a0726ee6","[]"
"h01-config-pipeline","baseline","1","src/merge.mjs","32","92","call_06_vNs9opiKyvsdk4syIlJX1585","call_00_jKh5QSeumfdrVQ2tXJtw8193","true","true","true","true","false","4aa593488bb78234db26dba2e478ed840907b5b9a3339f9fea386ebeb02e55d4","491dbafe305586299c918395b01bf8988169bb493dd291616604734c4e087963","[{""name"":""write_file"",""callId"":""call_00_7cBvLU65HU3trrWlURft3134"",""startSeq"":58,""endSeq"":59}]"
"h01-config-pipeline","baseline","1","src/env-config.mjs","20","99","call_02_rGCyvg3SN0Q77G7f0xto6277","call_00_KOXW2ab5XIH0ArmtVMHJ4509","true","true","true","true","false","fe0eecff2b015b29b00d5e44520939211150093169d6c6cfb7748ee0e5545f44","8f740efcafb2c33e8f2dc28f78df4851d8e87d83896e35e469c5bd96bfbacfdc","[{""name"":""write_file"",""callId"":""call_00_mhTdCgTpn6Arjv1LLTIf9026"",""startSeq"":72,""endSeq"":73}]"
"h01-config-pipeline","baseline","1","src/validate.mjs","35","102","call_07_tKaJEQIPXtTOhbBneRWl4198","call_01_Iy9DoaIp3OWVqvHApdM42155","true","true","true","true","false","c7356ab18f692343d74a6059121ebef01dd81a95b7b9259895de0fb183d470b8","43ea8bdc6de1dbf9ec8b485ddb37405845db85814dfa14d8503264614466b24f","[{""name"":""write_file"",""callId"":""call_01_7VBFQO23jHtRyCjFubsQ6747"",""startSeq"":75,""endSeq"":76}]"
"h01-config-pipeline","baseline","1","src/format.mjs","26","116","call_04_XwhoFs41fK4sWY6CEZcu8958","call_00_ILNZrl3A0GW10MiZQCOt0949","true","true","true","true","true","563b9713ce52ff02b38e23cc6fa2a6d29310e3c2b28696877918c950dd630ba8","563b9713ce52ff02b38e23cc6fa2a6d29310e3c2b28696877918c950dd630ba8","[]"
"h01-config-pipeline","context","1","src/merge.mjs","35","89","call_07_ErqAQfrSBsm966HDxaCe3842","call_00_7JFOV6Un0qXFUqHSKcXi3364","true","true","true","true","false","4aa593488bb78234db26dba2e478ed840907b5b9a3339f9fea386ebeb02e55d4","5e175c6ea3bf6c2259a5d22e1d45a44676a699a1f3f0aae910ffd1d1dc0898a9","[{""name"":""write_file"",""callId"":""call_00_V1HPztDFySLbPp2U1lBN1785"",""startSeq"":54,""endSeq"":55}]"
"h01-config-pipeline","context","1","src/validate.mjs","38","92","call_08_mfCU5abYf1O9ZPXaLNOC0597","call_01_57l5qoP34mhwx0QyyTzs3631","true","true","true","true","false","c7356ab18f692343d74a6059121ebef01dd81a95b7b9259895de0fb183d470b8","44537b8a7db604886d3490bc450c6a7d15d0ed8ec29c0729f5d404d1dc4fc604","[{""name"":""edit_file"",""callId"":""call_00_peORAEjVEQPVACk498fm3332"",""startSeq"":82,""endSeq"":83}]"
"h01-config-pipeline","context","1","src/index.mjs","14","109","call_00_sUq7JOX4jkoDUZnlAIRF7303","call_00_owuNHiNwIOnL4DhbKDZ97277","true","true","true","true","true","c2bd8855d62db683dac459234b698a663e353afbe0223e6f72042498a0726ee6","c2bd8855d62db683dac459234b698a663e353afbe0223e6f72042498a0726ee6","[]"
"h01-config-pipeline","context","1","src/env-config.mjs","23","112","call_03_UlKjbpE1oIwe02BrvEjd2959","call_01_oQaOSyNMF243t1KWStLp4746","true","true","true","true","false","fe0eecff2b015b29b00d5e44520939211150093169d6c6cfb7748ee0e5545f44","2a944496e8585d79e765663d7339d5069705cdad723ad47a64de5704bd515deb","[{""name"":""write_file"",""callId"":""call_00_OvUZjS0UpGR90tbyTlw35762"",""startSeq"":61,""endSeq"":62}]"
"h01-config-pipeline","context","1","src/defaults.mjs","20","115","call_02_kyYaw9P7Qh2B5Z9IZEbX4847","call_02_hGGvFrwtTorcVZRpdE8x4578","true","true","true","true","true","c712d430f49301c1df436f2513a492163e7fa95263a912a2df015ca7068093f2","c712d430f49301c1df436f2513a492163e7fa95263a912a2df015ca7068093f2","[]"
"h02-chunk-parser","full","1","src/index.mjs","16","85","call_00_3JDuoFRVUAStNyPq5FJg0456","call_01_CUt0TDFrTRZni49a817m8437","true","true","true","true","true","d171114dae474968b5a02010604a7c119471f09132187287c87f6cf6313c4743","d171114dae474968b5a02010604a7c119471f09132187287c87f6cf6313c4743","[]"
"h02-chunk-parser","full","1","src/tokenizer.mjs","26","92","call_00_NxIQZWodTVYrvCNK3PDK7368","call_00_cqrzxk6k1vhlvLKZRnnt2755","true","true","true","true","true","6890f5d3b91a30d016ebd63a01ebaac03612a2cb503607000c4a6c6362cafbc9","6890f5d3b91a30d016ebd63a01ebaac03612a2cb503607000c4a6c6362cafbc9","[]"
"h02-chunk-parser","full","1","src/consumers/read-items.mjs","29","95","call_01_V7NfNVRkmZ9J7CSrthSa5334","call_01_XipupLOLwN2dtkie8HWD2953","true","true","true","true","true","f40ee439a9af5cee16b7876fc6d18dd9506e2b485bc7f127fca3db6ef3bb4a54","f40ee439a9af5cee16b7876fc6d18dd9506e2b485bc7f127fca3db6ef3bb4a54","[]"
"h02-chunk-parser","full","1","src/consumers/count-items.mjs","32","98","call_02_UPTo3G6Y8xN7gjQdjEYu0737","call_02_qwRujqoo5PTrw59VfZ3Z9147","true","true","true","true","true","babc6cb2c362f1772ad9a6501d2778b72a9f9eeafcaef3432b0a61f779d868b4","babc6cb2c362f1772ad9a6501d2778b72a9f9eeafcaef3432b0a61f779d868b4","[]"
"h02-chunk-parser","full","1","src/assembler.mjs","42","108","call_01_idui3903qcdnMnl5hhU86874","call_00_Hr8eSCQF8d1G0URfvScX4533","true","true","true","true","true","c6ce1f5eb002b4fe2e8df119e8a78d7f7fda576fd7ec26bf126390f3be5054db","c6ce1f5eb002b4fe2e8df119e8a78d7f7fda576fd7ec26bf126390f3be5054db","[]"
"h02-chunk-parser","full","1","src/item-schema.mjs","45","111","call_02_T8NO2EIgKayHK54FagVW3846","call_01_07eI00ieQZC4NqIGQc0W2122","true","true","true","true","true","005bf9cadfdf57c7fa9c3b4dc4ea963d1c300b6d4f89563eda77db92070ea863","005bf9cadfdf57c7fa9c3b4dc4ea963d1c300b6d4f89563eda77db92070ea863","[]"
"h02-chunk-parser","full","1","src/escape.mjs","55","114","call_01_HAMNlL52pcKVGVlKguMP8063","call_02_eg9NdB5I8cngOkGcaHfJ5845","true","true","true","true","true","cad774a056dfcc772301cac367a86c5befbb2aff0afdb46a14e719958151fa2c","cad774a056dfcc772301cac367a86c5befbb2aff0afdb46a14e719958151fa2c","[]"
"h02-chunk-parser","full","1","src/line.mjs","52","117","call_00_S0jhOGYCCFYSJNUM3JDs9316","call_03_uw6v4dQTki8VPZHM7CSK9061","true","true","true","true","true","8b16d68c00ec7e58f87c5566dea8f3be62d5892bf65aa13ad1502cc83ba84c7c","8b16d68c00ec7e58f87c5566dea8f3be62d5892bf65aa13ad1502cc83ba84c7c","[]"
"h03-module-navigation","baseline","1","registry.mjs","17","82","call_01_0fUg9APZ1g7kpf2W82k58129","call_00_x0TZ0EixswfmdvdVti7I5993","true","true","true","true","false","dfe590a0eb455539b113defb58e8a1477f53a797dd495e6e92983ca89f9dae46","aa4e66d71dc29d645c09b3ba416d943b433805840fdf14b0e49b965da45e578d","[{""name"":""write_file"",""callId"":""call_00_Rdmi2JtnDcwsVWPTidtL7831"",""startSeq"":68,""endSeq"":69}]"
"h03-module-navigation","baseline","1","legacy.mjs","23","96","call_03_Plv9XFps49hyEc1dPuS65465","call_00_4riXZgtAYR8vMEIP80Xl5003","true","true","true","true","true","130a8e74eedb3b5fc146ae7b25d10f200c592ddb23ce1a59759393c4e76fc662","130a8e74eedb3b5fc146ae7b25d10f200c592ddb23ce1a59759393c4e76fc662","[]"
"h03-module-navigation","baseline","1","entry.mjs","14","99","call_00_24pQwEdh1pxsSSqF3sdj2624","call_01_wm9jIyRGU620AT7Vciyz2006","true","true","true","true","false","963afba4644456a94d69f02f71d86609c2008526ffc37a18dbf1629357cf41a0","3a98d6a8c81a230d85d36926bd954edcb671c7444189f891ca466cf6de4d0c08","[{""name"":""write_file"",""callId"":""call_00_xkSArNDng8UCW1zb2z1f9450"",""startSeq"":75,""endSeq"":76}]"
"h03-module-navigation","context","1","routes/dynamic.mjs","33","82","call_01_RubACBEW6A5J4j3Racxe6806","call_00_ZwGEEojkzuAcIo5SJBtU7025","true","true","true","true","true","d5a27bbdd2ea5679e23c3e43854fd11f8748f323252cdb78f8ebb0a6780de882","d5a27bbdd2ea5679e23c3e43854fd11f8748f323252cdb78f8ebb0a6780de882","[]"
"h03-module-navigation","context","1","legacy.mjs","23","96","call_03_DZ2pGC4mDCS03puKsBw49817","call_00_QMhRNeCSh942gbYAWqlI1453","true","true","true","true","true","130a8e74eedb3b5fc146ae7b25d10f200c592ddb23ce1a59759393c4e76fc662","130a8e74eedb3b5fc146ae7b25d10f200c592ddb23ce1a59759393c4e76fc662","[]"
"h03-module-navigation","context","1","entry.mjs","14","99","call_00_3Uw4M0ZbiZKOygDXuhOO7339","call_01_sMavunr5Y3JCzlHSTRse3624","true","true","true","true","false","963afba4644456a94d69f02f71d86609c2008526ffc37a18dbf1629357cf41a0","3a98d6a8c81a230d85d36926bd954edcb671c7444189f891ca466cf6de4d0c08","[{""name"":""write_file"",""callId"":""call_00_L0okKWEyAuZPSXYOynjh0184"",""startSeq"":75,""endSeq"":76}]"
"h03-module-navigation","context","1","registry.mjs","17","102","call_01_oq8kRHBdVJrFywLwvc6A0795","call_02_6ny8xR9mycM8gQnafePv7619","true","true","true","true","false","dfe590a0eb455539b113defb58e8a1477f53a797dd495e6e92983ca89f9dae46","9b5b57665e5926f1e104c5f3b41ea9fb110914dd192f314b2108b83b9ddb0c94","[{""name"":""write_file"",""callId"":""call_00_ARbDnKDN2j07s2QuNNa25777"",""startSeq"":68,""endSeq"":69}]"
"h03-module-navigation","optimizer","1","entry.mjs","16","84","call_00_bjJu2LAKiHN8xUhmq1423225","call_00_me9M7erhhIK8WxM9hksM8217","true","true","true","true","false","963afba4644456a94d69f02f71d86609c2008526ffc37a18dbf1629357cf41a0","3a98d6a8c81a230d85d36926bd954edcb671c7444189f891ca466cf6de4d0c08","[{""name"":""write_file"",""callId"":""call_00_erY7k1SnKSdfFGsKyAzU8934"",""startSeq"":77,""endSeq"":78}]"
"h03-module-navigation","optimizer","1","registry.mjs","25","87","call_03_xE3iRx4gKSEziFSx5tTu4915","call_01_XlX2vLohZYe8zgCEbAtM2685","true","true","true","true","false","dfe590a0eb455539b113defb58e8a1477f53a797dd495e6e92983ca89f9dae46","63941d80be6c496438353cc52b059aa33306de49136321789fb1b79793324367","[{""name"":""write_file"",""callId"":""call_00_N6ArtUxTDYxRCVoW1buO6303"",""startSeq"":70,""endSeq"":71}]"
"h03-module-navigation","optimizer","1","legacy.mjs","22","101","call_02_fDZU0wwLADrFDsFGkjGv8523","call_00_ErnOHBwdgBPrcpMFXPhA8347","true","true","true","true","true","130a8e74eedb3b5fc146ae7b25d10f200c592ddb23ce1a59759393c4e76fc662","130a8e74eedb3b5fc146ae7b25d10f200c592ddb23ce1a59759393c4e76fc662","[]"
"h03-module-navigation","optimizer","1","entry.mjs","84","108","call_00_me9M7erhhIK8WxM9hksM8217","call_00_bhMcGAULv4Cl2jATRVTA5268","true","true","true","true","true","3a98d6a8c81a230d85d36926bd954edcb671c7444189f891ca466cf6de4d0c08","3a98d6a8c81a230d85d36926bd954edcb671c7444189f891ca466cf6de4d0c08","[]"
"h03-module-navigation","optimizer","1","registry.mjs","87","111","call_01_XlX2vLohZYe8zgCEbAtM2685","call_01_3ZG4dYmTzyvd0U1vydR94150","true","true","true","true","true","63941d80be6c496438353cc52b059aa33306de49136321789fb1b79793324367","63941d80be6c496438353cc52b059aa33306de49136321789fb1b79793324367","[]"
"h03-module-navigation","full","1","entry.mjs","16","84","call_00_TzD1vjMkozG8Y06nCnl58100","call_00_F5Zcj1NFNUgW9M9z3aBg4295","true","true","true","true","false","963afba4644456a94d69f02f71d86609c2008526ffc37a18dbf1629357cf41a0","3a98d6a8c81a230d85d36926bd954edcb671c7444189f891ca466cf6de4d0c08","[{""name"":""write_file"",""callId"":""call_00_TfAXU65gPQQlYHsEQkl85590"",""startSeq"":77,""endSeq"":78}]"
"h03-module-navigation","full","1","registry.mjs","25","87","call_03_U7LaTA7tjpKV1l5kvi9C3145","call_01_HEQDUtrfoQPFPlSTyWBr2815","true","true","true","true","false","dfe590a0eb455539b113defb58e8a1477f53a797dd495e6e92983ca89f9dae46","563d3e717b6912900a4f43bdba4842340cf4b016b07b22c23f06cae4e385ed23","[{""name"":""write_file"",""callId"":""call_00_ARd5cZkMIVwKIyH0UVzD4896"",""startSeq"":70,""endSeq"":71}]"
"h03-module-navigation","full","1","legacy.mjs","22","101","call_02_HB6XErwgf4mff41p9XUS4189","call_00_rCwfwtDHNtcLeM1mVYJ87729","true","true","true","true","true","130a8e74eedb3b5fc146ae7b25d10f200c592ddb23ce1a59759393c4e76fc662","130a8e74eedb3b5fc146ae7b25d10f200c592ddb23ce1a59759393c4e76fc662","[]"
"h03-module-navigation","full","1","fixtures/routes.mjs","19","104","call_01_IfLyyk8kDdSZ88uaA7CK3937","call_01_fzDSMoE5x5WaNplSqKnt0648","true","true","true","true","true","8057df43d5379bbf73f23bc692a62a4da4e60e78609f3084524af54fac575d4a","8057df43d5379bbf73f23bc692a62a4da4e60e78609f3084524af54fac575d4a","[]"
"h03-module-navigation","full","1","routes/static.mjs","32","114","call_00_an8AcNVSv3OTuU1IVOGp3354","call_00_DeHqQBYil5kHmUoVWd3Z1653","true","true","true","true","true","563685c04e87ea3a5913b9154c66df7e7dd92dd6d6a1ee24348927567b6810a4","563685c04e87ea3a5913b9154c66df7e7dd92dd6d6a1ee24348927567b6810a4","[]"
"h03-module-navigation","full","1","routes/dynamic.mjs","35","117","call_01_1mfRpvTB3Wo33G9daiyk9056","call_01_Dp0tjT2D3PRJ2gyPsRyh6563","true","true","true","true","true","d5a27bbdd2ea5679e23c3e43854fd11f8748f323252cdb78f8ebb0a6780de882","d5a27bbdd2ea5679e23c3e43854fd11f8748f323252cdb78f8ebb0a6780de882","[]"
"h04-issue-refactor","context","1","normalize.mjs","14","95","call_00_XgAYarajNb76rQaCSjXB1713","call_00_apX6K8fKUId9szEb0BSM8302","true","true","true","true","false","d6aeea44b071654e31460df3849427926c464b8c92fdcaeb68402a049c0ed5e0","cbf317cd7165bca341347f0ff6ab58b9c15cf3a9c67c664d6238826a6f96a0d9","[{""name"":""write_file"",""callId"":""call_00_iGEnHObgzKq73iDHRG8f3534"",""startSeq"":60,""endSeq"":61}]"
"h04-issue-refactor","context","1","consumers/list.mjs","20","98","call_02_HHt4yeIGRkkhO7iDKyhX6359","call_01_uu0ogcYhCi6A5ZS53rvT7875","true","true","true","true","false","c3c7487d1bf125375c8de9e30615ab85f04a9ab4f4670fdd1a60488655a0d8ef","2c928b446fcc5968ba31f9f993ea0fcfb9be3a4aeade20538ee25fab4ec6fe06","[{""name"":""write_file"",""callId"":""call_00_wIzmDqEu2f6hCYxryvIY6581"",""startSeq"":67,""endSeq"":68}]"
"h04-issue-refactor","context","1","consumers/search.mjs","23","101","call_03_q6lH8e3IntYvb4Jm0Vuo5704","call_02_pGvI6LpLDgp8mIh5YaEx7984","true","true","true","true","false","beb0f59d44b5b81700ddd331f587426416a049a42e704a7031975c759f6595c4","918f7177ff07cdc1684ee4a053c53eaab4e6845f55d23b18c5e109abd1d8f99c","[{""name"":""write_file"",""callId"":""call_00_imq3mAfSBaioNwemUhaM2717"",""startSeq"":74,""endSeq"":75}]"
"h04-issue-refactor","context","1","consumers/activity.mjs","26","104","call_04_lmOxEMZHLOhrxpxTob8g4047","call_03_9zH9jzzistegZ0teFs2B9427","true","true","true","true","false","1a001c5ac9cf9c17946335da7566de7a8e64543f7b7e68dd48d6e12c445c224d","cd2b2d71ce25f5ef8ff0d09e91c7bb6f212e6c0d531f20d49365db2cf2c4e0f5","[{""name"":""write_file"",""callId"":""call_00_CSGOwssKG52lblrQBvhb4808"",""startSeq"":81,""endSeq"":82}]"
"h04-issue-refactor","optimizer","1","normalize.mjs","16","85","call_00_FDoLTKcwHJ1JClognNL89827","call_00_wYOmFe0MV4KngfWPy8Xb9790","true","true","true","true","false","d6aeea44b071654e31460df3849427926c464b8c92fdcaeb68402a049c0ed5e0","c66fd6ba8b95002506aaf80a9a41d2157aeef39945898c45451fa68ab75919f2","[{""name"":""write_file"",""callId"":""call_00_QJqtDi6vP0UlMu7sxmJ81853"",""startSeq"":66,""endSeq"":67}]"
"h04-issue-refactor","optimizer","1","consumers/list.mjs","19","88","call_01_DoZ1khxumreYNl89cHcO3999","call_01_wu5jQANs6frU9CB8Foxr8436","true","true","true","true","false","c3c7487d1bf125375c8de9e30615ab85f04a9ab4f4670fdd1a60488655a0d8ef","2c928b446fcc5968ba31f9f993ea0fcfb9be3a4aeade20538ee25fab4ec6fe06","[{""name"":""write_file"",""callId"":""call_01_4JREHSE1wYlxve9iD5Gb7897"",""startSeq"":69,""endSeq"":70}]"
"h04-issue-refactor","optimizer","1","consumers/search.mjs","22","91","call_02_fP3JN6Dp6EupQRQXqn0n7646","call_02_fGWW7dRRnxIwiCyWctlf9331","true","true","true","true","false","beb0f59d44b5b81700ddd331f587426416a049a42e704a7031975c759f6595c4","e657d7d79f1851a643143676e5e8caff4ba4777a157a6a6bd15379c60fa78213","[{""name"":""write_file"",""callId"":""call_02_ItM4u0NBjt43Kk7BLrDd5697"",""startSeq"":72,""endSeq"":73}]"
"h04-issue-refactor","optimizer","1","consumers/activity.mjs","25","94","call_03_eZZbBt36pOQsng3yKlSM3983","call_03_XFiSja76LBxgPSzexkr32601","true","true","true","true","false","1a001c5ac9cf9c17946335da7566de7a8e64543f7b7e68dd48d6e12c445c224d","cd2b2d71ce25f5ef8ff0d09e91c7bb6f212e6c0d531f20d49365db2cf2c4e0f5","[{""name"":""write_file"",""callId"":""call_03_Ffhecx9MQqhHFZJvc7At6332"",""startSeq"":75,""endSeq"":76}]"
"h04-issue-refactor","full","1","normalize.mjs","16","97","call_00_fi22j8vA8CxjfvgEWuZT4113","call_00_lyL2DL4fbTKoja5fbrwt0130","true","true","true","true","false","d6aeea44b071654e31460df3849427926c464b8c92fdcaeb68402a049c0ed5e0","f8487628d4c81c361143289bdd24742808ab4eb9e47699a422cc64ab719c374c","[{""name"":""write_file"",""callId"":""call_00_x9sUzBV0CO4Eu4k7xeiv3854"",""startSeq"":62,""endSeq"":63}]"
"h04-issue-refactor","full","1","consumers/list.mjs","22","100","call_02_ejtPCCMWqjDTskd7ZKzp4878","call_01_a2MsYN6SptV53grBcpZz1938","true","true","true","true","false","c3c7487d1bf125375c8de9e30615ab85f04a9ab4f4670fdd1a60488655a0d8ef","2c928b446fcc5968ba31f9f993ea0fcfb9be3a4aeade20538ee25fab4ec6fe06","[{""name"":""write_file"",""callId"":""call_00_GwTrymUgnhF9Ztqf4Ydr3918"",""startSeq"":69,""endSeq"":70}]"
"h04-issue-refactor","full","1","consumers/search.mjs","25","103","call_03_0F32K9fuAQMBqtVRexpw4555","call_02_jWNly5V6ILgdBvct9bhs6376","true","true","true","true","false","beb0f59d44b5b81700ddd331f587426416a049a42e704a7031975c759f6595c4","e34e30a4843511e71b81801a15049ee787c4b09c2d469a87e74354e1260895d1","[{""name"":""write_file"",""callId"":""call_00_CiqirV4XGklNk3CZMfLe7575"",""startSeq"":76,""endSeq"":77}]"
"h04-issue-refactor","full","1","consumers/activity.mjs","28","106","call_04_rrSOIOW0Ir3AfqORuk6n1693","call_03_AdINnwZisRPKRGowV2lC3191","true","true","true","true","false","1a001c5ac9cf9c17946335da7566de7a8e64543f7b7e68dd48d6e12c445c224d","cd2b2d71ce25f5ef8ff0d09e91c7bb6f212e6c0d531f20d49365db2cf2c4e0f5","[{""name"":""write_file"",""callId"":""call_00_K69BbAz1LBo9suatbgec0357"",""startSeq"":83,""endSeq"":84}]"
"h04-issue-refactor","baseline","1","normalize.mjs","14","79","call_00_SGTsgPXDBcRwwAixw3Fn9032","call_00_cq6FY6Q83RRDDtmKJ1Ia0377","true","true","true","true","false","d6aeea44b071654e31460df3849427926c464b8c92fdcaeb68402a049c0ed5e0","7c77f80c930177856065f4516d342392a2db8909648b84649f2ffeae76a2746e","[{""name"":""write_file"",""callId"":""call_00_FlW2PP8YCouX6lADniq02242"",""startSeq"":60,""endSeq"":61}]"
"h04-issue-refactor","baseline","1","consumers/list.mjs","17","82","call_01_vNcpFCKii45t5EC9s2iP7840","call_01_V7I5jd3QxSbd8tEtjxqK8603","true","true","true","true","false","c3c7487d1bf125375c8de9e30615ab85f04a9ab4f4670fdd1a60488655a0d8ef","2c928b446fcc5968ba31f9f993ea0fcfb9be3a4aeade20538ee25fab4ec6fe06","[{""name"":""write_file"",""callId"":""call_01_GzqxewqmL1GSexWhC5wA3109"",""startSeq"":63,""endSeq"":64}]"
"h04-issue-refactor","baseline","1","consumers/search.mjs","20","85","call_02_8Cd4XEw8dWx4up3p2Mbo0290","call_02_ZSJxB3EVQYnlutNQi9PR4433","true","true","true","true","false","beb0f59d44b5b81700ddd331f587426416a049a42e704a7031975c759f6595c4","918f7177ff07cdc1684ee4a053c53eaab4e6845f55d23b18c5e109abd1d8f99c","[{""name"":""write_file"",""callId"":""call_02_Yr8XRcSs498x5cNAFbo98702"",""startSeq"":66,""endSeq"":67}]"
"h04-issue-refactor","baseline","1","consumers/activity.mjs","23","88","call_03_VePQYUsQNQ7G1q6NtcCU8749","call_03_nGH57kV50i7lZzUheFDj4640","true","true","true","true","false","1a001c5ac9cf9c17946335da7566de7a8e64543f7b7e68dd48d6e12c445c224d","cd2b2d71ce25f5ef8ff0d09e91c7bb6f212e6c0d531f20d49365db2cf2c4e0f5","[{""name"":""write_file"",""callId"":""call_03_TyWz8PKwhuh52JWXXPCm6368"",""startSeq"":69,""endSeq"":70}]"
"m01-report","optimizer","1","parser.mjs","16","39","call_00_ccoKu1cbc03AO92Wt9WF0425","call_00_FXvSEHJFSSBMLSUQOHTJ8547","true","true","true","true","false","5e9db7e9d57fd9e79d9c1f43e9759f85bbfd4fabc4085c00e7777b9570fd533e","d1e23799f64cc94162adb9bce1b2b8c06708e31d61171286b439d34b3637e515","[{""name"":""write_file"",""callId"":""call_00_aR7aJ3ZLsfLLTkgYADGB2302"",""startSeq"":29,""endSeq"":30}]"
"m01-report","optimizer","1","report.mjs","19","42","call_01_8pYJ1x8cAu92yx9xPqYU0700","call_01_9zUvvXcLo0B5VeJDJEaq3474","true","true","true","true","false","62108370ca22a7cfc7977eeb0261fc6e443315069b45cde9b116896dfaff21a1","a31fd2cf8e25d32c8cfbbea8516d3cf4ec01b62f0b7e25eb185b5c982f9f3a2d","[{""name"":""write_file"",""callId"":""call_01_bNqWqlX5ivC2FU9AECyZ9323"",""startSeq"":32,""endSeq"":33}]"
"m01-report","full","1","report.mjs","19","39","call_01_FIbOgwaddwtDWQJcq9ej2187","call_00_eNJwtI8aYHfzArs1PUE65623","true","true","true","true","false","62108370ca22a7cfc7977eeb0261fc6e443315069b45cde9b116896dfaff21a1","28856265ec1a06e63be2c4ca41975621cdc51fe48cc31ecc9ba52113f69344a5","[{""name"":""write_file"",""callId"":""call_01_AQSAHHNzFM059Zc329gX8594"",""startSeq"":32,""endSeq"":33}]"
"m01-report","baseline","1","parser.mjs","14","37","call_00_jl5ToJAvSLwdM6TmLpAK8284","call_00_oB11C972IZ7npWNKT7PO9750","true","true","true","true","false","5e9db7e9d57fd9e79d9c1f43e9759f85bbfd4fabc4085c00e7777b9570fd533e","03aa77184c91f20c54cd6b72d8dbfaf876d7ed73a6f5fca55706830330860964","[{""name"":""write_file"",""callId"":""call_00_T90QYaiR54JiZJ4moraj3434"",""startSeq"":27,""endSeq"":28}]"
"m01-report","baseline","1","report.mjs","17","40","call_01_SADnagSQrflbjC2c2IDz3736","call_01_myugmGqxC7YL29nh4GX01048","true","true","true","true","false","62108370ca22a7cfc7977eeb0261fc6e443315069b45cde9b116896dfaff21a1","8b9d6fecbdfe8a6914844939c33777f838b5a779b299635c4c1ed136d0a034ae","[{""name"":""write_file"",""callId"":""call_01_WUmf6mwzlysl40msEd0p9824"",""startSeq"":30,""endSeq"":31}]"
"m01-report","baseline","1","parser.mjs","37","61","call_00_oB11C972IZ7npWNKT7PO9750","call_00_MA49CmfvuTV8AqKf36CQ4227","true","true","true","true","false","03aa77184c91f20c54cd6b72d8dbfaf876d7ed73a6f5fca55706830330860964","7849412cbb90595000d3cd2e3183cbec25d38505d81c9416ab20cfb5f60daa82","[{""name"":""edit_file"",""callId"":""call_00_WlHJ5Rp7MgtZfuSGg4KR6934"",""startSeq"":54,""endSeq"":55}]"
"m01-report","context","1","parser.mjs","14","37","call_00_UTgWHpd4fjejtyrpm6AS5594","call_00_lPpHbXb8aY4sLfnEpd7w8702","true","true","true","true","false","5e9db7e9d57fd9e79d9c1f43e9759f85bbfd4fabc4085c00e7777b9570fd533e","350bd0625af844729cc14c4ca47de6b5829ad89da942339a14f28169ccf739e3","[{""name"":""write_file"",""callId"":""call_00_egaXuLsJlbHxMtLeGfB05573"",""startSeq"":27,""endSeq"":28}]"
"m01-report","context","1","report.mjs","17","40","call_01_6UDJ0rS90qowpyGIyXf26788","call_01_pVVNEiQbcjTeSuptyHWv6970","true","true","true","true","false","62108370ca22a7cfc7977eeb0261fc6e443315069b45cde9b116896dfaff21a1","2bf1e11b2af2133b6a13ea50b939d020125174f4c976ae289bce5570ce195992","[{""name"":""write_file"",""callId"":""call_01_JbJfexdpQOKWYTv8dlXd7881"",""startSeq"":30,""endSeq"":31}]"
"m02-options","full","1","public.test.mjs","25","53","call_03_V7BQpMSZLdxHVJzhF4oA8034","call_00_FSLh4YRIjNG92AqqvV1P1506","true","true","true","true","true","de94562c2b6cbda2201a5d5eee6879119b7f44fce3a453cdf63db427c11d6212","de94562c2b6cbda2201a5d5eee6879119b7f44fce3a453cdf63db427c11d6212","[]"
"m02-options","full","1","resolver.mjs","19","60","call_01_99zMBX3K7glVACWEqmAL7043","call_00_U621CpMW74UCFNYKQV7m5989","true","true","true","true","false","e6254244b857c5f137242f3219262ed8ee8eb9a721dea6591862b14de7cf5ec4","0f7ec073d9fcb8a7156b2090574d1bbdff895dbb87c90a40423d9eb2e5bd5453","[{""name"":""write_file"",""callId"":""call_00_zWA2XQWwbCOFeIy5FujG8310"",""startSeq"":39,""endSeq"":40}]"
"m02-options","full","1","formatter.mjs","22","63","call_02_rqwGYeB9sWqDmgcaqmDv8709","call_01_Yp3grSggN6k2npUQQzen8210","true","true","true","true","false","fcf97cb743f27295d7e3ecb90906e90db6cd2827e9fbe46befd7539280ff72c7","e6d925b6db3cbeab1c81492f4dc0c39dbeff9d627d3ee9b2bd7b9297c2f4bedb","[{""name"":""write_file"",""callId"":""call_00_i2YkD4JG9hImoO2q6lVx5332"",""startSeq"":46,""endSeq"":47}]"
"m02-options","full","1","defaults.mjs","16","66","call_00_QI6tyrJjRaH8eHgCTtmV2948","call_02_crePDIlWy0MDnzxKPM2b6066","true","true","true","true","false","3ad59ce476bd535040ad1f2a9735f1e62306eef6fdf2ee72dcd1b123f3b677d8","19c3c91218973317e6c16047d704a7a0730d16e0af566a1eb10d92063c099065","[{""name"":""write_file"",""callId"":""call_00_rbsE80vOBhGAWpfg1Iq36447"",""startSeq"":32,""endSeq"":33}]"
"m02-options","baseline","1","resolver.mjs","20","43","call_02_09pKowhsEWRmQqpQW5tO3398","call_00_h5mFfXYlX2cPTc9lAWOm3809","true","true","true","true","false","e6254244b857c5f137242f3219262ed8ee8eb9a721dea6591862b14de7cf5ec4","43db5da72af236e3055111ddbab2ecc174d841fcbb45fc401bbabb76bf0d5b5e","[{""name"":""write_file"",""callId"":""call_01_8wDYfb79ju9VGxRgssao9116"",""startSeq"":33,""endSeq"":34}]"
"m02-options","baseline","1","formatter.mjs","17","46","call_01_X1mz4oIcMoCNhhto42sZ3100","call_01_VSIuX3Av220PH0Twixz23170","true","true","true","true","false","fcf97cb743f27295d7e3ecb90906e90db6cd2827e9fbe46befd7539280ff72c7","efc786fc7e4d41af75d3b544d951113e7a91cc77334c475d36449cfaab6ad074","[{""name"":""write_file"",""callId"":""call_02_a8cDef0g9cvs9d3bshGQ9869"",""startSeq"":36,""endSeq"":37}]"
"m02-options","baseline","1","defaults.mjs","14","49","call_00_YnacFJixU6JU3twlEyFn0372","call_02_oQxiDF9DGTDnKvDDPWXl5210","true","true","true","true","false","3ad59ce476bd535040ad1f2a9735f1e62306eef6fdf2ee72dcd1b123f3b677d8","19c3c91218973317e6c16047d704a7a0730d16e0af566a1eb10d92063c099065","[{""name"":""write_file"",""callId"":""call_00_NU22VngHaNWRlkfAwvo21072"",""startSeq"":30,""endSeq"":31}]"
"m02-options","context","1","defaults.mjs","14","43","call_00_dTBpm2TPyApekl7ilEje7893","call_00_QlmAng3xyMCbxp0hvMe47721","true","true","true","true","false","3ad59ce476bd535040ad1f2a9735f1e62306eef6fdf2ee72dcd1b123f3b677d8","19c3c91218973317e6c16047d704a7a0730d16e0af566a1eb10d92063c099065","[{""name"":""write_file"",""callId"":""call_00_rrzHLc23yORFwutpjXCj4877"",""startSeq"":30,""endSeq"":31}]"
"m02-options","context","1","resolver.mjs","20","46","call_02_ePPjkJfZYje3c7qJEvCK9049","call_01_jLDtnJHyeJlfXjVvJjCR3111","true","true","true","true","false","e6254244b857c5f137242f3219262ed8ee8eb9a721dea6591862b14de7cf5ec4","662b436624f390025a102a1893067f67596a4429d99e6bb8a02705e6be934aca","[{""name"":""write_file"",""callId"":""call_01_FRdGF04LtqHDie6HHxCA0052"",""startSeq"":33,""endSeq"":34}]"
"m02-options","context","1","formatter.mjs","17","49","call_01_Q5Ues2YEzyhn96E8u5r54129","call_02_LudKx3ywtJbBdfhGFQ4m7837","true","true","true","true","false","fcf97cb743f27295d7e3ecb90906e90db6cd2827e9fbe46befd7539280ff72c7","723864d800721d213642fe5ab570c0511eb7b0114a4c091af38edb2b607de43d","[{""name"":""write_file"",""callId"":""call_02_8HjVyAruN7brzqHvnCp04653"",""startSeq"":36,""endSeq"":37}]"
"m02-options","optimizer","1","resolver.mjs","19","52","call_01_JGsd6Nz0ZZAfxDH36NEN7228","call_00_XnuXfDVcHRJajtHR6O2i9558","true","true","true","true","false","e6254244b857c5f137242f3219262ed8ee8eb9a721dea6591862b14de7cf5ec4","059133805347bda02de41fb67651431e387ff88acdabd381addf40fb20d1146b","[{""name"":""write_file"",""callId"":""call_01_Jcx0cif4lFhPgHU4JGsh6627"",""startSeq"":35,""endSeq"":36}]"
"m02-options","optimizer","1","formatter.mjs","22","55","call_02_gEeItkNtKz0L0CZKYc1y0433","call_01_aP0B7YRTpXFPsrwftHjU3828","true","true","true","true","false","fcf97cb743f27295d7e3ecb90906e90db6cd2827e9fbe46befd7539280ff72c7","e6d925b6db3cbeab1c81492f4dc0c39dbeff9d627d3ee9b2bd7b9297c2f4bedb","[{""name"":""write_file"",""callId"":""call_02_hgugCVEKlfjUz5xaCOTY5097"",""startSeq"":38,""endSeq"":39}]"
"m02-options","optimizer","1","defaults.mjs","16","58","call_00_1AnScwp7ChEkKfIDSscq3026","call_02_PT7fCVqPn8nxQcVNzpKo8889","true","true","true","true","false","3ad59ce476bd535040ad1f2a9735f1e62306eef6fdf2ee72dcd1b123f3b677d8","56e3755d0ffef40127d34cf29a981e0d7e8d5cfb83dd8401245fadeea4784f7f","[{""name"":""write_file"",""callId"":""call_00_nmDA8Bk8lsU2DFquMmJ64362"",""startSeq"":32,""endSeq"":33}]"
"b01-normalize","context","2","normalize.mjs","7","35","call_00_LDXCDRNBU4ELEYjFUBtY4757","call_00_cxnoJFqX1ppUT6JGpqYS1243","true","true","true","true","false","702d3ec9d0de629f5482903eab60d025b3ea6409c6d0cf07a3ca4c85acf7622a","e8caae1896d8033087581433a4127c5d66c4f3f2bef489f337e3bce7f55dfc72","[{""name"":""edit_file"",""callId"":""call_00_pWiPudte2Smj5c3n64mE8753"",""startSeq"":28,""endSeq"":29}]"
"b01-normalize","optimizer","2","normalize.mjs","9","23","call_00_FqA5jMm3aNRMuBM7sZnK2970","call_00_kEfHTPHEwmGB9feVpd3r2067","true","true","true","true","false","702d3ec9d0de629f5482903eab60d025b3ea6409c6d0cf07a3ca4c85acf7622a","e8caae1896d8033087581433a4127c5d66c4f3f2bef489f337e3bce7f55dfc72","[{""name"":""edit_file"",""callId"":""call_00_BcZH4rhSt7S2MIVffMyt1285"",""startSeq"":16,""endSeq"":17}]"
"b01-normalize","full","2","normalize.mjs","9","23","call_00_EUIgaRgSJKm5Lypt2TgL5326","call_00_zEteGrJSvnfuq9lLOgEr3050","true","true","true","true","false","702d3ec9d0de629f5482903eab60d025b3ea6409c6d0cf07a3ca4c85acf7622a","e8caae1896d8033087581433a4127c5d66c4f3f2bef489f337e3bce7f55dfc72","[{""name"":""edit_file"",""callId"":""call_00_ivzsNLaH58sjpu87J0L18148"",""startSeq"":16,""endSeq"":17}]"
"b01-normalize","baseline","2","normalize.mjs","7","35","call_00_rHqCqVpoeQkGlRWi2ZDI6224","call_00_vgbwnTECW8e4nrlT22915081","true","true","true","true","false","702d3ec9d0de629f5482903eab60d025b3ea6409c6d0cf07a3ca4c85acf7622a","e8caae1896d8033087581433a4127c5d66c4f3f2bef489f337e3bce7f55dfc72","[{""name"":""edit_file"",""callId"":""call_00_1jUoC1A3x9Zx6kkdLH4S8556"",""startSeq"":28,""endSeq"":29}]"
"b02-counter","context","2","counter.mjs","14","31","call_00_H86f2N1oumTInCpNlzyO4740","call_00_RqstBZJOa1M7q2xRmJPW3682","true","true","true","true","false","e5c6ad5146d45344d82c755c998b4d318de76df4958cb94b208d95db7dc2e41e","97934da71c40566bad7d1c0e2a2a552868f3158debb42a08143eb62b46bd8b05","[{""name"":""write_file"",""callId"":""call_00_xNXh9uHLTMIasVD4AuDl5428"",""startSeq"":24,""endSeq"":25}]"
"b03-config","full","2","config.mjs","16","33","call_00_cDpRGE78PWuwJroAKdXI6163","call_00_pDJvb46aOsB2cHEdufm72657","true","true","true","true","false","123dfdc2781c0bd9c5129e10510d5984b37a44beb54c07e4e04f5f32dc3c5730","3ba2e69e3763f9e2669c842d632dbf1e5abf597c458da03d2db1a6c79ef41002","[{""name"":""write_file"",""callId"":""call_00_Bp8sFd6U8EKLXIYEwMrs9489"",""startSeq"":26,""endSeq"":27}]"
"b03-config","full","2","config.mjs","33","82","call_00_pDJvb46aOsB2cHEdufm72657","call_00_q9UB8Ry0g0qyr19OylmZ3000","true","true","true","true","true","3ba2e69e3763f9e2669c842d632dbf1e5abf597c458da03d2db1a6c79ef41002","3ba2e69e3763f9e2669c842d632dbf1e5abf597c458da03d2db1a6c79ef41002","[{""name"":""edit_file"",""callId"":""call_00_cQpiuBTwBQMurgQl5hcy0567"",""startSeq"":40,""endSeq"":41},{""name"":""edit_file"",""callId"":""call_00_ioA5YOh5XxqK0MQRlxNt0089"",""startSeq"":47,""endSeq"":48},{""name"":""write_file"",""callId"":""call_00_i4P7Jwj9zNXnlEDRtAHI3467"",""startSeq"":75,""endSeq"":76}]"
"b03-config","baseline","2","config.mjs","7","35","call_00_VCm9QL1y44As5igL5Sec9295","call_00_XhZ0VNZ2nGyLHHpaZGmK8369","true","true","true","true","false","123dfdc2781c0bd9c5129e10510d5984b37a44beb54c07e4e04f5f32dc3c5730","23ece6ef2e356dbf28be3ccf6ceb57cc2cf18944891c20d60063d3fc299c129d","[{""name"":""write_file"",""callId"":""call_00_NOmaqLFEyKhIRQtcp2LF6741"",""startSeq"":28,""endSeq"":29}]"
"b03-config","baseline","2","config.mjs","35","49","call_00_XhZ0VNZ2nGyLHHpaZGmK8369","call_00_PwuleBWezHlz1KbXXVfv4132","true","true","true","true","false","23ece6ef2e356dbf28be3ccf6ceb57cc2cf18944891c20d60063d3fc299c129d","73a2782288fb41acd715c3f8a6a7feed8c6740291250206d0938675297d858b4","[{""name"":""write_file"",""callId"":""call_00_KdpNJv6sfbL9Yfd67Lw36653"",""startSeq"":42,""endSeq"":43}]"
"b03-config","context","2","config.mjs","7","35","call_00_CXBzAM20uOfZvCH5FYR96706","call_00_Y4cUb62AtqDzJPT8FSGk6021","true","true","true","true","false","123dfdc2781c0bd9c5129e10510d5984b37a44beb54c07e4e04f5f32dc3c5730","01a87051a6e62529684a0ad5dccf374dc61a613821adb8dc28ef5f65516bcb9f","[{""name"":""write_file"",""callId"":""call_00_eJHMwjLEM9bSDoMZxJ9L6238"",""startSeq"":28,""endSeq"":29}]"
"b03-config","context","2","config.mjs","35","56","call_00_Y4cUb62AtqDzJPT8FSGk6021","call_00_kXPcu9V3mKaAk6lUSjmM6424","true","true","true","true","false","01a87051a6e62529684a0ad5dccf374dc61a613821adb8dc28ef5f65516bcb9f","eda90cd3bcd0bb45171c59d41def5f73c1fd95facb832f0b30918e0f275689ed","[{""name"":""edit_file"",""callId"":""call_00_2lIv7Qnz8yLN7lOVYFPy9129"",""startSeq"":42,""endSeq"":43},{""name"":""edit_file"",""callId"":""call_00_5oh4o88Qgwgot9MTrpZu4755"",""startSeq"":49,""endSeq"":50}]"
"b03-config","context","2","public.test.mjs","21","63","call_00_7Kqxo5ml8Tucbf8atUqP1762","call_00_pMGwoCuRctLfzdTjmvUB4288","true","true","true","true","true","cf86e0fc3ae6220befd9579a627581dc50175feb2c9c6c72c11f6a62a026ee10","cf86e0fc3ae6220befd9579a627581dc50175feb2c9c6c72c11f6a62a026ee10","[]"
"b03-config","optimizer","2","config.mjs","16","33","call_00_Tj9FRFXftiolgCFkvZue6108","call_00_UGD89WZjkwEvwr44xn192775","true","true","true","true","false","123dfdc2781c0bd9c5129e10510d5984b37a44beb54c07e4e04f5f32dc3c5730","9515d892de0ad0efea3d2f06a206a1414f5be2b435de135fb73de88cb2df2762","[{""name"":""write_file"",""callId"":""call_00_T3GIEF5kqE54ZAg8VBPI3307"",""startSeq"":26,""endSeq"":27}]"
"b03-config","optimizer","2","config.mjs","33","68","call_00_UGD89WZjkwEvwr44xn192775","call_00_a1N344m3k9wSaepTZqI06768","true","true","true","true","true","9515d892de0ad0efea3d2f06a206a1414f5be2b435de135fb73de88cb2df2762","9515d892de0ad0efea3d2f06a206a1414f5be2b435de135fb73de88cb2df2762","[]"
"b03-config","optimizer","2","config.mjs","68","82","call_00_a1N344m3k9wSaepTZqI06768","call_00_wUjxjoOO4QOZAuKoE1mi0653","true","true","true","true","false","9515d892de0ad0efea3d2f06a206a1414f5be2b435de135fb73de88cb2df2762","c9f2ba41d057d983c2c810cab93c84badac7b8eeec1deb48af2bf4208b02c120","[{""name"":""edit_file"",""callId"":""call_00_QJ9zPofP8xmQY5Ep7eap8833"",""startSeq"":75,""endSeq"":76}]"
"f01-tags","baseline","2","tags.mjs","14","31","call_00_OCMmzrkL9mGH1OeBPS5K5203","call_00_f8ecNrEGcNF8IsGZ0daC7908","true","true","true","true","false","852fa85117b3195be444424da3017b666a8a41668f9d01992b15f9342f156bd8","c01bd123244a7794f5622263dd8dcb09b6781fb5ceffdd2d9e4d4af325d66c13","[{""name"":""write_file"",""callId"":""call_00_IbGysN9hrmRKUJZtxXt38718"",""startSeq"":24,""endSeq"":25}]"
"f01-tags","context","2","tags.mjs","14","31","call_00_vM7jQcGcsjgoJBSLNwfJ2693","call_00_e8lPsK9QqvmVzWOVB7Dt1182","true","true","true","true","false","852fa85117b3195be444424da3017b666a8a41668f9d01992b15f9342f156bd8","c01bd123244a7794f5622263dd8dcb09b6781fb5ceffdd2d9e4d4af325d66c13","[{""name"":""write_file"",""callId"":""call_00_kuGsrlqId3FckwwLW1Ra7873"",""startSeq"":24,""endSeq"":25}]"
"f01-tags","optimizer","2","tags.mjs","16","33","call_00_6NpObM9YsnOeZ249cW9e5265","call_00_O7jQNj0WqGQIkGo2lZaK1624","true","true","true","true","false","852fa85117b3195be444424da3017b666a8a41668f9d01992b15f9342f156bd8","c01bd123244a7794f5622263dd8dcb09b6781fb5ceffdd2d9e4d4af325d66c13","[{""name"":""write_file"",""callId"":""call_00_RVUzXEX7UYc5t1A9BOmG4199"",""startSeq"":26,""endSeq"":27}]"
"f01-tags","full","2","tags.mjs","16","33","call_00_eWGOzFsyz8AHp4x8EeRL7909","call_00_WZBLBEXE0v7kVvX9x9fL1647","true","true","true","true","false","852fa85117b3195be444424da3017b666a8a41668f9d01992b15f9342f156bd8","c01bd123244a7794f5622263dd8dcb09b6781fb5ceffdd2d9e4d4af325d66c13","[{""name"":""write_file"",""callId"":""call_00_o5X2zVCuIi6oyAmrEYpI6966"",""startSeq"":26,""endSeq"":27}]"
"f02-pagination","context","2","pagination.mjs","7","21","call_00_lfm2OVT98IGPFzdYyZDi6714","call_00_9vZsz6RWNwwfM3JMHyoh4904","true","true","true","true","false","3283af26194748acb21d30ed87c1a9bbb611ac2b2193d29e767c4aa74dcf534b","c54aff0ca3a64b4769c9dcf7e805ea5ba93acf4ecb03335650b092a9839a7940","[{""name"":""write_file"",""callId"":""call_00_pON52OptSLTB7J97qILY1662"",""startSeq"":14,""endSeq"":15}]"
"f02-pagination","baseline","2","pagination.mjs","7","21","call_00_cnwugLN5cVRyx55Qd7EK7594","call_00_IHM8jfPgf6kJTae703UB0216","true","true","true","true","false","3283af26194748acb21d30ed87c1a9bbb611ac2b2193d29e767c4aa74dcf534b","2e58dd795004522e068d8b23203376f84374f2cfcf0044c911dc92a0e7f53484","[{""name"":""write_file"",""callId"":""call_00_7U2rKMlrY7jZ8Xbrhjq07390"",""startSeq"":14,""endSeq"":15}]"
"f03-ranges","optimizer","2","ranges.mjs","16","33","call_00_OCubSTpAIFWdMxTlF5vF0100","call_00_XuK4TGqF8OSmEFhZW8rp1826","true","true","true","true","false","f43c1cafe156f86886a63252753837bfd8b57f18b315b6a984e6cf14c351f2b9","8ef6d528dde8a657b6fc0799b6228754624ca5a7987b03c7da5d93e110d58c35","[{""name"":""write_file"",""callId"":""call_00_aVqfcoTcWwibZnEg8IYF2389"",""startSeq"":26,""endSeq"":27}]"
"f03-ranges","full","2","ranges.mjs","16","33","call_00_QA8ufAWgO9PQvZ4QK2Ex5936","call_00_EbBTu0mWS7uAsZNITnvm2288","true","true","true","true","false","f43c1cafe156f86886a63252753837bfd8b57f18b315b6a984e6cf14c351f2b9","4ac51f46e42614ef01770e5d2428aa77748c39237a70287b1c943c7ba10f1e95","[{""name"":""write_file"",""callId"":""call_00_DpXg8CDsOQz1BIojEpkY8324"",""startSeq"":26,""endSeq"":27}]"
"f03-ranges","baseline","2","ranges.mjs","7","21","call_00_F91RPbBMtFFtfk8VqVdx0912","call_00_vzwTGMNJbOfY5Vxm0ZZu0454","true","true","true","true","false","f43c1cafe156f86886a63252753837bfd8b57f18b315b6a984e6cf14c351f2b9","e1e0334026a459091733e846d1256ec6fa1c54dcafdabfff7fc723cea499bbea","[{""name"":""write_file"",""callId"":""call_00_pAXCH8x69J6ar76GUcZf3114"",""startSeq"":14,""endSeq"":15}]"
"f03-ranges","context","2","ranges.mjs","14","31","call_00_Ut5jgv2zKDoTKd8xs8dX6582","call_00_Rp9camnQw4VtcKS2DCdW3405","true","true","true","true","false","f43c1cafe156f86886a63252753837bfd8b57f18b315b6a984e6cf14c351f2b9","070771210d8689d53220f40f6ee98ecb90fdb55871b31fbb6fa15117983e7493","[{""name"":""write_file"",""callId"":""call_00_6SajWZcyj8ikGyd536oh7819"",""startSeq"":24,""endSeq"":25}]"
"h01-config-pipeline","full","2","src/index.mjs","16","85","call_00_QY5mtymXy6dcCwT5uZDO5730","call_00_smD5oZWNxqDvoe4NN1b36412","true","true","true","true","true","c2bd8855d62db683dac459234b698a663e353afbe0223e6f72042498a0726ee6","c2bd8855d62db683dac459234b698a663e353afbe0223e6f72042498a0726ee6","[]"
"h01-config-pipeline","full","2","src/merge.mjs","35","92","call_03_xUYIn8px0S8nFXsNbKW59874","call_00_LsPinO1pPl7QVmx4nfY15877","true","true","true","true","false","4aa593488bb78234db26dba2e478ed840907b5b9a3339f9fea386ebeb02e55d4","a32517c6506e22cbec3c8ff0be96c5f3a1313bbe39c59ad830c52ad4f2417a8d","[{""name"":""write_file"",""callId"":""call_00_RbPU2O3sdWoBQZjGc5nU4867"",""startSeq"":64,""endSeq"":65}]"
"h01-config-pipeline","full","2","src/env-config.mjs","32","106","call_02_FM6PNLWQQbXuirfmttT16296","call_00_BTKJGew46OMPWe9YKExm0759","true","true","true","true","false","fe0eecff2b015b29b00d5e44520939211150093169d6c6cfb7748ee0e5545f44","d6e99298db056f10cc5a621937c2382a431219f9fe2d8a51f6e029a53ac90f93","[{""name"":""write_file"",""callId"":""call_00_VRINPmh7OCygLgz2jVBn4151"",""startSeq"":71,""endSeq"":72}]"
"h01-config-pipeline","full","2","src/validate.mjs","38","109","call_04_R9DgydDEgpIBWNK1U5Mq8117","call_01_mS0wPpGaTWF80wpXuGMM2132","true","true","true","true","false","c7356ab18f692343d74a6059121ebef01dd81a95b7b9259895de0fb183d470b8","44537b8a7db604886d3490bc450c6a7d15d0ed8ec29c0729f5d404d1dc4fc604","[{""name"":""edit_file"",""callId"":""call_00_hel3lbxual0J6dbydWAR1362"",""startSeq"":78,""endSeq"":79}]"
"h01-config-pipeline","full","2","src/file-config.mjs","29","119","call_01_sZrPslo5RA7Tytgou6Hx7320","call_00_EqRzjevMawCjZrUSq6359783","true","true","true","true","true","f92ec1a8c0637835eb54496bb8ca6a195e1613aaba6d3db9d9943fd295855d63","f92ec1a8c0637835eb54496bb8ca6a195e1613aaba6d3db9d9943fd295855d63","[]"
"h01-config-pipeline","full","2","src/format.mjs","41","122","call_05_FlOhvZyIijGxoMHjcvZt7889","call_01_ivB8vWNzbx6OZsNnlS7C0616","true","true","true","true","true","563b9713ce52ff02b38e23cc6fa2a6d29310e3c2b28696877918c950dd630ba8","563b9713ce52ff02b38e23cc6fa2a6d29310e3c2b28696877918c950dd630ba8","[]"
"h01-config-pipeline","full","2","src/legacy.mjs","44","125","call_06_8y2o6RKI71ng0eCIZMhK4570","call_02_5VGEWmgrEkbeSlXXgTCo1196","true","true","true","true","true","84cb16119c34ada7be29ba94b93e44a79e945f140ea8ec791baaee117c3d54f2","84cb16119c34ada7be29ba94b93e44a79e945f140ea8ec791baaee117c3d54f2","[]"
"h01-config-pipeline","baseline","2","src/merge.mjs","32","114","call_06_vmFpbVwtI4zkUx3md2Gc1457","call_00_J8HOy8IISkzLzRu9ipFw3565","true","true","true","true","false","4aa593488bb78234db26dba2e478ed840907b5b9a3339f9fea386ebeb02e55d4","ea6a716397864f001d270d2db699e6a3f99240ced4e29496da08819dd6412566","[{""name"":""write_file"",""callId"":""call_00_ZTyM3yxQe84eJuecDoOE9292"",""startSeq"":58,""endSeq"":59},{""name"":""write_file"",""callId"":""call_00_hDYvuoDhCKG0snXamBw06461"",""startSeq"":107,""endSeq"":108}]"
"h01-config-pipeline","baseline","2","src/env-config.mjs","20","117","call_02_YOusM04fZkccO2ia0KOv7309","call_01_Q9yHFCFdwDsqoPUO2heD3207","true","true","true","true","false","fe0eecff2b015b29b00d5e44520939211150093169d6c6cfb7748ee0e5545f44","088d2863e0e69c3eb38de162fdc2e9f3615181841b5eb7ade82d2d18feb66d84","[{""name"":""edit_file"",""callId"":""call_00_sOaXouoJsroaGYD09LvE3346"",""startSeq"":79,""endSeq"":80}]"
"h01-config-pipeline","baseline","2","src/validate.mjs","35","120","call_07_6rrQa2L53GYcNlmEOGvd2069","call_02_BH3kJaVQTnfCE2i3baxF3095","true","true","true","true","false","c7356ab18f692343d74a6059121ebef01dd81a95b7b9259895de0fb183d470b8","44537b8a7db604886d3490bc450c6a7d15d0ed8ec29c0729f5d404d1dc4fc604","[{""name"":""edit_file"",""callId"":""call_00_f9KqMgY7BpbidxufUWCB2258"",""startSeq"":86,""endSeq"":87}]"
"h01-config-pipeline","context","2","src/defaults.mjs","20","102","call_02_W1IiEmJx8q3yxEm01Fdr6762","call_00_emfWQ5L4A0uCzlSEsG4N2109","true","true","true","true","true","c712d430f49301c1df436f2513a492163e7fa95263a912a2df015ca7068093f2","c712d430f49301c1df436f2513a492163e7fa95263a912a2df015ca7068093f2","[]"
"h01-config-pipeline","context","2","src/validate.mjs","38","105","call_08_iB0U4HStBeVZzCp8w6YL5486","call_01_zvPcSPO779PwTdq8HhQ49565","true","true","true","true","false","c7356ab18f692343d74a6059121ebef01dd81a95b7b9259895de0fb183d470b8","44537b8a7db604886d3490bc450c6a7d15d0ed8ec29c0729f5d404d1dc4fc604","[{""name"":""edit_file"",""callId"":""call_01_YTBeDCJS9seUvy8skDl00487"",""startSeq"":78,""endSeq"":79}]"
"h01-config-pipeline","context","2","src/format.mjs","29","108","call_05_0su1tws0UPHqlW4tEk619291","call_02_1G3k0u9BRB5c5pGVMWkZ6181","true","true","true","true","true","563b9713ce52ff02b38e23cc6fa2a6d29310e3c2b28696877918c950dd630ba8","563b9713ce52ff02b38e23cc6fa2a6d29310e3c2b28696877918c950dd630ba8","[]"
"h01-config-pipeline","context","2","src/legacy.mjs","32","111","call_06_06JrUXYwpEmeGKUOS6n10857","call_03_fBflpKvr1144F9NogKxL1015","true","true","true","true","true","84cb16119c34ada7be29ba94b93e44a79e945f140ea8ec791baaee117c3d54f2","84cb16119c34ada7be29ba94b93e44a79e945f140ea8ec791baaee117c3d54f2","[]"
"h01-config-pipeline","optimizer","2","src/index.mjs","16","85","call_00_8HTpQmPLgyqCNFmVNfc00830","call_00_sLyWO9EDyqBAeP4wcBc42147","true","true","true","true","true","c2bd8855d62db683dac459234b698a663e353afbe0223e6f72042498a0726ee6","c2bd8855d62db683dac459234b698a663e353afbe0223e6f72042498a0726ee6","[]"
"h01-config-pipeline","optimizer","2","src/merge.mjs","35","92","call_03_H8Rn0vI4SJ6WhkAuegJL8977","call_00_9yafYNaoxEX0QBhkYsU98229","true","true","true","true","false","4aa593488bb78234db26dba2e478ed840907b5b9a3339f9fea386ebeb02e55d4","a91a1353b8136f11881317eb85ecc86fa51d86de48bf4eac48f5f46d4d4de890","[{""name"":""write_file"",""callId"":""call_00_XbSwGqh1FqqM8gdA3yjR8864"",""startSeq"":64,""endSeq"":65}]"
"h01-config-pipeline","optimizer","2","src/env-config.mjs","32","95","call_02_krhJxSp57UyEQxj365ki7161","call_01_3pcUiBTEcPrwc1Jdm5C23176","true","true","true","true","false","fe0eecff2b015b29b00d5e44520939211150093169d6c6cfb7748ee0e5545f44","2aed1344f11fa4a5fbfe5349a962e8f92449796838ec089b99ce9bd6250df71a","[{""name"":""write_file"",""callId"":""call_00_9mo71viBFDSjiMOoNblh2096"",""startSeq"":71,""endSeq"":72}]"
"h01-config-pipeline","optimizer","2","src/validate.mjs","38","98","call_04_hqX5eAgRC4UaJAZlvmTq0033","call_02_1k4Ez2fXkbYgkkwapmok8950","true","true","true","true","false","c7356ab18f692343d74a6059121ebef01dd81a95b7b9259895de0fb183d470b8","16d00b697f42d32b3f1600bcbb5742c37de1dc853bdc411d3f9df18fcf607738","[{""name"":""edit_file"",""callId"":""call_00_EpKEb7GAQXMlJF4yhjAA0954"",""startSeq"":78,""endSeq"":79}]"
"h01-config-pipeline","optimizer","2","public.test.mjs","19","112","call_01_cfJan8gBmyTZIed00OWi9612","call_00_NZne7KLXrnStiF8YcEC63848","true","true","true","true","true","318f46883ce0568800ef4ce7bf30d3d9d32c7b82c1aa05c91d3c2008adc13359","318f46883ce0568800ef4ce7bf30d3d9d32c7b82c1aa05c91d3c2008adc13359","[]"
"h01-config-pipeline","optimizer","2","src/merge.mjs","92","126","call_00_9yafYNaoxEX0QBhkYsU98229","call_00_ld76WAYK61QANogJrxeQ9179","true","true","true","true","true","a91a1353b8136f11881317eb85ecc86fa51d86de48bf4eac48f5f46d4d4de890","a91a1353b8136f11881317eb85ecc86fa51d86de48bf4eac48f5f46d4d4de890","[]"
"h02-chunk-parser","baseline","2","src/line.mjs","26","54","call_03_iW0LVcOPkWhOO7INRyoN4022","call_00_yGOyvMr5PAjZX0zxJtqB5235","true","true","true","true","true","8b16d68c00ec7e58f87c5566dea8f3be62d5892bf65aa13ad1502cc83ba84c7c","8b16d68c00ec7e58f87c5566dea8f3be62d5892bf65aa13ad1502cc83ba84c7c","[]"
"h02-chunk-parser","baseline","2","src/tokenizer.mjs","17","75","call_00_HbI3Ogl3P2SGuOcrtvnI4860","call_00_8xZw2SSrJbfjT1snE4l42446","true","true","true","true","true","6890f5d3b91a30d016ebd63a01ebaac03612a2cb503607000c4a6c6362cafbc9","6890f5d3b91a30d016ebd63a01ebaac03612a2cb503607000c4a6c6362cafbc9","[]"
"h02-chunk-parser","baseline","2","src/assembler.mjs","20","78","call_01_G4HcnKmNg4v57mngLAVF7010","call_01_hpWeDcz2hAb51j6k4zrQ6401","true","true","true","true","true","c6ce1f5eb002b4fe2e8df119e8a78d7f7fda576fd7ec26bf126390f3be5054db","c6ce1f5eb002b4fe2e8df119e8a78d7f7fda576fd7ec26bf126390f3be5054db","[]"
"h02-chunk-parser","baseline","2","public.test.mjs","47","85","call_10_PHKpKQbfX0TASGIu6Bbd1412","call_00_Mel7sYYyQ5FVBjMqQ8XR7154","true","true","true","true","true","949e96fb3f397c2c65dd03a85326b712f1af49db5bb0a0e041b3f96f06e2fb1c","949e96fb3f397c2c65dd03a85326b712f1af49db5bb0a0e041b3f96f06e2fb1c","[]"
"h02-chunk-parser","baseline","2","src/line.mjs","54","92","call_00_yGOyvMr5PAjZX0zxJtqB5235","call_00_TEvLNNutnh0soE5TvyRR6938","true","true","true","true","true","8b16d68c00ec7e58f87c5566dea8f3be62d5892bf65aa13ad1502cc83ba84c7c","8b16d68c00ec7e58f87c5566dea8f3be62d5892bf65aa13ad1502cc83ba84c7c","[]"
"h02-chunk-parser","baseline","2","src/state.mjs","23","95","call_02_Sekkempxs9tComI9b9Bd7027","call_01_NTvHWt8k1A62F4Mjdfq70984","true","true","true","true","false","48289c8e33361dd10c7313926fc3c20917132fc2a3af634680ed095360ef32db","1b9e668049d3111609568e72347ee515819f0c41313cc17cd0b5ce353a15fecb","[{""name"":""write_file"",""callId"":""call_00_FxdMtwhyHRQLP6Fo8QBO0210"",""startSeq"":61,""endSeq"":62}]"
"h02-chunk-parser","baseline","2","src/index.mjs","10","112","call_01_Qq2BoPp1A6xiaYjqX3Bn6682","call_01_P3yIEZsap74CABpTvlAC1154","true","true","true","true","true","d171114dae474968b5a02010604a7c119471f09132187287c87f6cf6313c4743","d171114dae474968b5a02010604a7c119471f09132187287c87f6cf6313c4743","[]"
"h03-module-navigation","context","2","routes/dynamic.mjs","33","82","call_01_AUQt5pQpkYssHOoVsoDa0066","call_00_cu95E49sPpfzBVWCVnLb4422","true","true","true","true","true","d5a27bbdd2ea5679e23c3e43854fd11f8748f323252cdb78f8ebb0a6780de882","d5a27bbdd2ea5679e23c3e43854fd11f8748f323252cdb78f8ebb0a6780de882","[]"
"h03-module-navigation","context","2","legacy.mjs","23","96","call_03_07RcYFQB8CDTABl8LFYW4480","call_00_denT1DS3vxe5jvxtkZQi2563","true","true","true","true","true","130a8e74eedb3b5fc146ae7b25d10f200c592ddb23ce1a59759393c4e76fc662","130a8e74eedb3b5fc146ae7b25d10f200c592ddb23ce1a59759393c4e76fc662","[]"
"h03-module-navigation","context","2","entry.mjs","14","99","call_00_pyy5Ed4WeWuRbhGWK4LO4444","call_01_HTF1J943SNWEiR7IS7Fp1125","true","true","true","true","false","963afba4644456a94d69f02f71d86609c2008526ffc37a18dbf1629357cf41a0","3a98d6a8c81a230d85d36926bd954edcb671c7444189f891ca466cf6de4d0c08","[{""name"":""write_file"",""callId"":""call_00_C0n0PjVyfTRaXQvSGns40393"",""startSeq"":75,""endSeq"":76}]"
"h03-module-navigation","context","2","registry.mjs","17","102","call_01_Z9yXiHEAhCL59ucmncnu4262","call_02_UJS7i37tESjwhjN7maWq9506","true","true","true","true","false","dfe590a0eb455539b113defb58e8a1477f53a797dd495e6e92983ca89f9dae46","eb22cc16896a4981978f52aa4241fc3a0227d536afbd91916ecbb5eece10dfa8","[{""name"":""write_file"",""callId"":""call_00_0YLooICyeZXQJbuaw2nC8636"",""startSeq"":68,""endSeq"":69}]"
"h03-module-navigation","optimizer","2","entry.mjs","16","91","call_00_FQxO1Sx03m9FjxFygydp4358","call_00_sUNlBmzsaXHwUXB2timk8833","true","true","true","true","false","963afba4644456a94d69f02f71d86609c2008526ffc37a18dbf1629357cf41a0","3a98d6a8c81a230d85d36926bd954edcb671c7444189f891ca466cf6de4d0c08","[{""name"":""write_file"",""callId"":""call_00_8xCmt3F6hiW2qSyno3zk6721"",""startSeq"":77,""endSeq"":78}]"
"h03-module-navigation","optimizer","2","registry.mjs","22","94","call_02_BKxk3YvtPFovfIApoCuw6403","call_01_qmS65dU1cKsf8VVZN4nA0894","true","true","true","true","false","dfe590a0eb455539b113defb58e8a1477f53a797dd495e6e92983ca89f9dae46","563d3e717b6912900a4f43bdba4842340cf4b016b07b22c23f06cae4e385ed23","[{""name"":""write_file"",""callId"":""call_00_gKaqOh4amyIzbOqOGXLJ6047"",""startSeq"":70,""endSeq"":71}]"
"h03-module-navigation","full","2","registry.mjs","25","91","call_03_ChAmccOPBMR2Qqk4T4b67513","call_00_M8ZCWwdEt4D8rjkqZ3XI6804","true","true","true","true","false","dfe590a0eb455539b113defb58e8a1477f53a797dd495e6e92983ca89f9dae46","14a45126a9ec788bc1b938ca40fdc3d7457f1b65b7be9d32b9fe5a55b0b52d21","[{""name"":""write_file"",""callId"":""call_00_FudZKE45c2qAFEcmqtmc2019"",""startSeq"":70,""endSeq"":71}]"
"h03-module-navigation","full","2","entry.mjs","16","94","call_00_wOxBh7URzkS8B6UiIYCG5058","call_01_hQN5vCgItfrF91eBpVoJ2782","true","true","true","true","false","963afba4644456a94d69f02f71d86609c2008526ffc37a18dbf1629357cf41a0","dc951893a088a171ba97ca3d9496cfff15020aa38100722d1d0f54b57aef75b6","[{""name"":""write_file"",""callId"":""call_00_vtZzA57ozNbVxOJ0i8AS4645"",""startSeq"":77,""endSeq"":78}]"
"h03-module-navigation","full","2","legacy.mjs","22","101","call_02_0DO9iV5XMsIHLPHxQuWh8724","call_00_3X9SyHIMuhMYM1aFZEx11274","true","true","true","true","true","130a8e74eedb3b5fc146ae7b25d10f200c592ddb23ce1a59759393c4e76fc662","130a8e74eedb3b5fc146ae7b25d10f200c592ddb23ce1a59759393c4e76fc662","[]"
"h03-module-navigation","full","2","fixtures/routes.mjs","19","104","call_01_Vf2LBB1Z2muwCXDIeSf60698","call_01_dYaSGNmVzKYeAYI7iUY08902","true","true","true","true","true","8057df43d5379bbf73f23bc692a62a4da4e60e78609f3084524af54fac575d4a","8057df43d5379bbf73f23bc692a62a4da4e60e78609f3084524af54fac575d4a","[]"
"h03-module-navigation","baseline","2","routes/dynamic.mjs","33","78","call_01_vSb2NSRtqtpId0y4fhQB6592","call_00_2XEs9dE7bqv3Nd9Ozt4c1020","true","true","true","true","true","d5a27bbdd2ea5679e23c3e43854fd11f8748f323252cdb78f8ebb0a6780de882","d5a27bbdd2ea5679e23c3e43854fd11f8748f323252cdb78f8ebb0a6780de882","[]"
"h03-module-navigation","baseline","2","legacy.mjs","23","92","call_03_YjQEEi93cqWpfH4g9Qs70735","call_00_2eQTcIwTVncV11WDV1RU8301","true","true","true","true","true","130a8e74eedb3b5fc146ae7b25d10f200c592ddb23ce1a59759393c4e76fc662","130a8e74eedb3b5fc146ae7b25d10f200c592ddb23ce1a59759393c4e76fc662","[]"
"h03-module-navigation","baseline","2","entry.mjs","14","95","call_00_WHCQS9ocWsMomEZFAOjp9555","call_01_FiKUYTrSijcN8ZofLryC1456","true","true","true","true","false","963afba4644456a94d69f02f71d86609c2008526ffc37a18dbf1629357cf41a0","3a98d6a8c81a230d85d36926bd954edcb671c7444189f891ca466cf6de4d0c08","[{""name"":""write_file"",""callId"":""call_01_OlSqqGGneH4FXoq1nH9p0137"",""startSeq"":71,""endSeq"":72}]"
"h03-module-navigation","baseline","2","registry.mjs","17","98","call_01_ZGNaCcAVAAqVAnkgJBWZ8816","call_02_Qs5E6lzpNPOLR9DYktzr6008","true","true","true","true","false","dfe590a0eb455539b113defb58e8a1477f53a797dd495e6e92983ca89f9dae46","563d3e717b6912900a4f43bdba4842340cf4b016b07b22c23f06cae4e385ed23","[{""name"":""write_file"",""callId"":""call_00_aN3A0RCOPyDJZA26Mwdo5026"",""startSeq"":68,""endSeq"":69}]"
"h04-issue-refactor","optimizer","2","normalize.mjs","16","81","call_00_IP6SXvGDTGhN6Ve5FNdI4092","call_00_b0zJnARtAoFGa7IkMoGp6223","true","true","true","true","false","d6aeea44b071654e31460df3849427926c464b8c92fdcaeb68402a049c0ed5e0","3ef643c95e80666bc4ebf2ef509faa9c62b3ff898d237deab372320376b03261","[{""name"":""write_file"",""callId"":""call_00_zcQIyTUZnRqO7ghgybEY3963"",""startSeq"":62,""endSeq"":63}]"
"h04-issue-refactor","optimizer","2","consumers/search.mjs","22","84","call_02_NtHYlFRVxLn8q6h7ftZ68474","call_01_oW4Sw9dzXfHQfxTOLbRV7955","true","true","true","true","false","beb0f59d44b5b81700ddd331f587426416a049a42e704a7031975c759f6595c4","918f7177ff07cdc1684ee4a053c53eaab4e6845f55d23b18c5e109abd1d8f99c","[{""name"":""write_file"",""callId"":""call_02_aUtvBsUEm9MabBToY4K35604"",""startSeq"":68,""endSeq"":69}]"
"h04-issue-refactor","optimizer","2","consumers/list.mjs","19","98","call_01_0dykhuyEWX2od4ggFCKB8722","call_00_QyghmXu3byXTPRUy5tsg0210","true","true","true","true","false","c3c7487d1bf125375c8de9e30615ab85f04a9ab4f4670fdd1a60488655a0d8ef","2c928b446fcc5968ba31f9f993ea0fcfb9be3a4aeade20538ee25fab4ec6fe06","[{""name"":""write_file"",""callId"":""call_01_iOBHki2RIgOJvWoR40T46857"",""startSeq"":65,""endSeq"":66}]"
"h04-issue-refactor","full","2","normalize.mjs","16","97","call_00_YYSJXriXL5UtXusga0lS0617","call_00_cYqj8a2ehPoCKyRMjMiI3506","true","true","true","true","false","d6aeea44b071654e31460df3849427926c464b8c92fdcaeb68402a049c0ed5e0","61f48be5594d1986d3daefc582cdb1ae3bb31faeba221409977ddc1139a45f2f","[{""name"":""write_file"",""callId"":""call_00_2oocfBl2oSKjAMkJt6Zx6554"",""startSeq"":62,""endSeq"":63}]"
"h04-issue-refactor","full","2","consumers/list.mjs","22","100","call_02_KS92kb4QMA1F2pjG9Jqo9458","call_01_avgIvCT1QAohw7WA4HMN5319","true","true","true","true","false","c3c7487d1bf125375c8de9e30615ab85f04a9ab4f4670fdd1a60488655a0d8ef","2c928b446fcc5968ba31f9f993ea0fcfb9be3a4aeade20538ee25fab4ec6fe06","[{""name"":""write_file"",""callId"":""call_00_hgkVBhKWbMdYQFjZ7DWt6590"",""startSeq"":69,""endSeq"":70}]"
"h04-issue-refactor","full","2","consumers/search.mjs","25","103","call_03_FYYyCYciJXm16NsVES5N0999","call_02_02QagKZOVy3CssH9PNSx0442","true","true","true","true","false","beb0f59d44b5b81700ddd331f587426416a049a42e704a7031975c759f6595c4","e34e30a4843511e71b81801a15049ee787c4b09c2d469a87e74354e1260895d1","[{""name"":""write_file"",""callId"":""call_00_gyeapVgTPn3i1aaDIb9d3477"",""startSeq"":76,""endSeq"":77}]"
"h04-issue-refactor","full","2","consumers/activity.mjs","28","106","call_04_CG3fn1VwAMS0UAlNXsnh9297","call_03_AvixOPCuBo25fVrCLlWO5939","true","true","true","true","false","1a001c5ac9cf9c17946335da7566de7a8e64543f7b7e68dd48d6e12c445c224d","cd2b2d71ce25f5ef8ff0d09e91c7bb6f212e6c0d531f20d49365db2cf2c4e0f5","[{""name"":""write_file"",""callId"":""call_00_iIbaLyyp0wVrQRxkSAV53515"",""startSeq"":83,""endSeq"":84}]"
"h04-issue-refactor","baseline","2","normalize.mjs","14","95","call_00_2j057O1y9Z6NQtkRxSih1548","call_00_LNQbRUwq3WASAVH3NtDu5590","true","true","true","true","false","d6aeea44b071654e31460df3849427926c464b8c92fdcaeb68402a049c0ed5e0","cbf317cd7165bca341347f0ff6ab58b9c15cf3a9c67c664d6238826a6f96a0d9","[{""name"":""write_file"",""callId"":""call_00_RIjorVQK9CW2oz12mM7a0837"",""startSeq"":60,""endSeq"":61}]"
"h04-issue-refactor","baseline","2","consumers/list.mjs","20","98","call_02_6nsElUe0cS2vBS9DVwMn3264","call_01_PpQTrNAw3pH5kZj5T0619014","true","true","true","true","false","c3c7487d1bf125375c8de9e30615ab85f04a9ab4f4670fdd1a60488655a0d8ef","2c928b446fcc5968ba31f9f993ea0fcfb9be3a4aeade20538ee25fab4ec6fe06","[{""name"":""write_file"",""callId"":""call_00_kjWWfiwCU8gjajWH2qbf5264"",""startSeq"":67,""endSeq"":68}]"
"h04-issue-refactor","baseline","2","consumers/search.mjs","23","101","call_03_aIheoHSS45DgPEBrB0Xf1877","call_02_n7fAZsbkUMMSzqerqRfU5808","true","true","true","true","false","beb0f59d44b5b81700ddd331f587426416a049a42e704a7031975c759f6595c4","918f7177ff07cdc1684ee4a053c53eaab4e6845f55d23b18c5e109abd1d8f99c","[{""name"":""write_file"",""callId"":""call_00_CxXMb71pRJcKDs0pMZD88753"",""startSeq"":74,""endSeq"":75}]"
"h04-issue-refactor","baseline","2","consumers/activity.mjs","26","104","call_04_xtZ1uXnjAjWXG20DuqeF7712","call_03_8z19F280DBDVjnV5q6cd5365","true","true","true","true","false","1a001c5ac9cf9c17946335da7566de7a8e64543f7b7e68dd48d6e12c445c224d","cd2b2d71ce25f5ef8ff0d09e91c7bb6f212e6c0d531f20d49365db2cf2c4e0f5","[{""name"":""write_file"",""callId"":""call_00_7rLRUragC2gtDE086jWF9959"",""startSeq"":81,""endSeq"":82}]"
"h04-issue-refactor","context","2","normalize.mjs","14","79","call_00_NrJ67ijMeYohsBLo47pr0690","call_00_6jY43ATrlTgb1U0h18II0597","true","true","true","true","false","d6aeea44b071654e31460df3849427926c464b8c92fdcaeb68402a049c0ed5e0","3ef643c95e80666bc4ebf2ef509faa9c62b3ff898d237deab372320376b03261","[{""name"":""write_file"",""callId"":""call_00_TtzZCAisdnGN8qf4iysC1331"",""startSeq"":60,""endSeq"":61}]"
"h04-issue-refactor","context","2","consumers/search.mjs","20","82","call_02_UJQFB0BsC4Ul8mf1zCnk4866","call_01_MTAVdJQPqwYS1S5FzRJL0251","true","true","true","true","false","beb0f59d44b5b81700ddd331f587426416a049a42e704a7031975c759f6595c4","918f7177ff07cdc1684ee4a053c53eaab4e6845f55d23b18c5e109abd1d8f99c","[{""name"":""write_file"",""callId"":""call_02_hwIBsd5I2Sf9iXPgsas77765"",""startSeq"":66,""endSeq"":67}]"
"h04-issue-refactor","context","2","consumers/activity.mjs","23","85","call_03_bcZoE5r1nvusNL4w2Nfx5438","call_02_aNGEdDTuGjhhsoCd8Ga05728","true","true","true","true","false","1a001c5ac9cf9c17946335da7566de7a8e64543f7b7e68dd48d6e12c445c224d","cd2b2d71ce25f5ef8ff0d09e91c7bb6f212e6c0d531f20d49365db2cf2c4e0f5","[{""name"":""write_file"",""callId"":""call_03_wDwIXRALCKmBkOVwiF1k5849"",""startSeq"":69,""endSeq"":70}]"
"h04-issue-refactor","context","2","serialize.mjs","26","88","call_04_xz0szhIJ2WPghBnQrU2E0750","call_03_TVA4ace27vsrr8rkeWqY4442","true","true","true","true","false","54832952dfa49f86f329ef813ebfc6a1211c5367736da4e42ab3e2ab1fc56142","6f906eb0bb2d3ec117979dabb11ec13ca8aa2e60defe35a6e9cd9e3432c719aa","[{""name"":""write_file"",""callId"":""call_04_iQuSPHIwxfjyd3drBPzV2408"",""startSeq"":72,""endSeq"":73}]"
"m01-report","full","2","parser.mjs","16","39","call_00_qbnn4t03jOP4v6N49t0f5877","call_00_I4AKZELvh7PZmJtgA4he9756","true","true","true","true","false","5e9db7e9d57fd9e79d9c1f43e9759f85bbfd4fabc4085c00e7777b9570fd533e","8eaac734569466ed3e6e51a84321f03ae7147aff126d80cf9f29a1b3a035630d","[{""name"":""write_file"",""callId"":""call_00_hLlk3Dy9RGrMoK9MSbrr7647"",""startSeq"":29,""endSeq"":30}]"
"m01-report","full","2","report.mjs","19","42","call_01_r567L4C9h5kjQ0KgrZMQ1881","call_01_rOxtuaSEIPDZZ4Y2KiR21302","true","true","true","true","false","62108370ca22a7cfc7977eeb0261fc6e443315069b45cde9b116896dfaff21a1","549915c510ca70712d910f26b6801b915e2f9b2c0e882e82096e1d38648cc6e3","[{""name"":""write_file"",""callId"":""call_01_8gXeVJeY6LRtfc5xqlnW6307"",""startSeq"":32,""endSeq"":33}]"
"m01-report","full","2","parser.mjs","39","70","call_00_I4AKZELvh7PZmJtgA4he9756","call_00_01QxFeWrSBCWoV3upIFL9078","true","true","true","true","false","8eaac734569466ed3e6e51a84321f03ae7147aff126d80cf9f29a1b3a035630d","d75b8ae2ceec0e8453e1306f85c7781d2c963e9623fdc886b66f3070ac6d6e82","[{""name"":""edit_file"",""callId"":""call_00_opGromMkEMi9bHJ8tRk60167"",""startSeq"":56,""endSeq"":57},{""name"":""edit_file"",""callId"":""call_00_whm3S3Ej5cnNyvywqu7T6077"",""startSeq"":63,""endSeq"":64}]"
"m01-report","baseline","2","parser.mjs","14","37","call_00_9mafMLUZ4xkTjj8g2BNE8544","call_00_31UL5JZNuozaEDXmMMXP9606","true","true","true","true","false","5e9db7e9d57fd9e79d9c1f43e9759f85bbfd4fabc4085c00e7777b9570fd533e","20f0b38b7fa2907ee2fe98eb59dce9b4983eb838bb2282a7662f0160b3d0ee97","[{""name"":""write_file"",""callId"":""call_00_XrvN7hDfxcOOhwOHOLsJ3270"",""startSeq"":27,""endSeq"":28}]"
"m01-report","baseline","2","report.mjs","17","40","call_01_hSd5TpwhQqI75FUCyj3a7162","call_01_mXumWWC3VyLZBNL76Bdy5439","true","true","true","true","false","62108370ca22a7cfc7977eeb0261fc6e443315069b45cde9b116896dfaff21a1","bd019271b55c8dc87de956649ca0131a75e3e175824199609dddbc1ab105dc46","[{""name"":""write_file"",""callId"":""call_01_3TR1bfyA6trsWiFwbu2j3763"",""startSeq"":30,""endSeq"":31}]"
"m01-report","context","2","parser.mjs","14","37","call_00_J6LdskrJBn4lXlOt1toO5946","call_00_VCGBslKggpQrVXvXnX9K5052","true","true","true","true","false","5e9db7e9d57fd9e79d9c1f43e9759f85bbfd4fabc4085c00e7777b9570fd533e","03aa77184c91f20c54cd6b72d8dbfaf876d7ed73a6f5fca55706830330860964","[{""name"":""write_file"",""callId"":""call_00_WO436v7xCKvkADqwVSCQ0211"",""startSeq"":27,""endSeq"":28}]"
"m01-report","context","2","report.mjs","17","40","call_01_Q5sU3mhAug1rgu95zxdZ2461","call_01_2uy3v7j2fevnct4NCr7o8006","true","true","true","true","false","62108370ca22a7cfc7977eeb0261fc6e443315069b45cde9b116896dfaff21a1","8b9d6fecbdfe8a6914844939c33777f838b5a779b299635c4c1ed136d0a034ae","[{""name"":""write_file"",""callId"":""call_01_Y7veKe7medo88KpGCi2E1872"",""startSeq"":30,""endSeq"":31}]"
"m01-report","context","2","parser.mjs","37","68","call_00_VCGBslKggpQrVXvXnX9K5052","call_00_oYtOhwB8y7gAYBIfPPVe0563","true","true","true","true","false","03aa77184c91f20c54cd6b72d8dbfaf876d7ed73a6f5fca55706830330860964","03d208ef13d73f0c8259de68884d38c1fa508a6994dfbc2aacae001231236145","[{""name"":""edit_file"",""callId"":""call_00_pIuJPG8BgLw3oMSjNBAo0913"",""startSeq"":54,""endSeq"":55},{""name"":""edit_file"",""callId"":""call_00_SB6K7Pahlq1IbfPo3rNI7696"",""startSeq"":61,""endSeq"":62}]"
"m01-report","optimizer","2","parser.mjs","16","39","call_00_32gLCnz6oHw9QWoVNiaX2325","call_00_VZL0BpgOvShAcwrLuXfl5791","true","true","true","true","false","5e9db7e9d57fd9e79d9c1f43e9759f85bbfd4fabc4085c00e7777b9570fd533e","53c3026e55d911e95f97a7b73c62a70c90c66c3661caf3e519a0da43d44ebfb9","[{""name"":""write_file"",""callId"":""call_00_ozOKctxlKbO5NHTm3X4e5916"",""startSeq"":29,""endSeq"":30}]"
"m01-report","optimizer","2","report.mjs","19","42","call_01_tqE6Jq7Lc5oaVtFksjVy3649","call_01_bO4OXmoolS3FXQHuJ9Tw5202","true","true","true","true","false","62108370ca22a7cfc7977eeb0261fc6e443315069b45cde9b116896dfaff21a1","3638e2a82a7a260205e85305334db3c7efcfdc4d332a9eaf8d76a9fec0208ba0","[{""name"":""write_file"",""callId"":""call_01_A3S86oE2aNGn14NfhOrD5457"",""startSeq"":32,""endSeq"":33}]"
"m02-options","baseline","2","defaults.mjs","14","43","call_00_N174i324Aqd4IEd8mcsv5104","call_00_9L03o95fN9bxDH8Mo8Pl2817","true","true","true","true","false","3ad59ce476bd535040ad1f2a9735f1e62306eef6fdf2ee72dcd1b123f3b677d8","19c3c91218973317e6c16047d704a7a0730d16e0af566a1eb10d92063c099065","[{""name"":""write_file"",""callId"":""call_00_XCVGWO5EMWruH47aMGlx6333"",""startSeq"":30,""endSeq"":31}]"
"m02-options","baseline","2","resolver.mjs","20","46","call_02_u1Uix7f8WSjnfw8c6fcF9912","call_01_QQKDX99MbeaVykD1gjnf3292","true","true","true","true","false","e6254244b857c5f137242f3219262ed8ee8eb9a721dea6591862b14de7cf5ec4","43db5da72af236e3055111ddbab2ecc174d841fcbb45fc401bbabb76bf0d5b5e","[{""name"":""write_file"",""callId"":""call_01_i7vxnG9NMgg8xJKdNxO70207"",""startSeq"":33,""endSeq"":34}]"
"m02-options","baseline","2","formatter.mjs","17","49","call_01_5RQSyHDhwWRxKZByZ1eO8147","call_02_Ejks5X3QzTjJgcTPGYXN7624","true","true","true","true","false","fcf97cb743f27295d7e3ecb90906e90db6cd2827e9fbe46befd7539280ff72c7","efc786fc7e4d41af75d3b544d951113e7a91cc77334c475d36449cfaab6ad074","[{""name"":""write_file"",""callId"":""call_02_1AjW1ulaegCCQkKTy5pC3966"",""startSeq"":36,""endSeq"":37}]"
"m02-options","context","2","defaults.mjs","14","43","call_00_M5d8Tf9WDvrmimSd4t0X5203","call_00_YVONO9C7joonpLdyMrWo4865","true","true","true","true","false","3ad59ce476bd535040ad1f2a9735f1e62306eef6fdf2ee72dcd1b123f3b677d8","19c3c91218973317e6c16047d704a7a0730d16e0af566a1eb10d92063c099065","[{""name"":""write_file"",""callId"":""call_00_HNhSeFjLx3sFqIcj3rgk6938"",""startSeq"":30,""endSeq"":31}]"
"m02-options","context","2","resolver.mjs","20","46","call_02_l3ZKko5dhlYhZyi2w2bB3232","call_01_IEuvXN1UIJqATawFQdxs2748","true","true","true","true","false","e6254244b857c5f137242f3219262ed8ee8eb9a721dea6591862b14de7cf5ec4","43db5da72af236e3055111ddbab2ecc174d841fcbb45fc401bbabb76bf0d5b5e","[{""name"":""write_file"",""callId"":""call_01_1vBPgDs6prtGgCsVbWnU9475"",""startSeq"":33,""endSeq"":34}]"
"m02-options","context","2","formatter.mjs","17","49","call_01_LIMw3P3RWDT8WNTnIWzz2188","call_02_wxZJ9rsXnMGcg2xmlexl0424","true","true","true","true","false","fcf97cb743f27295d7e3ecb90906e90db6cd2827e9fbe46befd7539280ff72c7","efc786fc7e4d41af75d3b544d951113e7a91cc77334c475d36449cfaab6ad074","[{""name"":""write_file"",""callId"":""call_02_oi31RRaLAKHUPeW7HJok4705"",""startSeq"":36,""endSeq"":37}]"
"m02-options","context","2","public.test.mjs","23","63","call_03_HqEnQZMv1pJZeQpwuCQs0045","call_00_xVGRSz1zonxnBgn37YyG7053","true","true","true","true","true","de94562c2b6cbda2201a5d5eee6879119b7f44fce3a453cdf63db427c11d6212","de94562c2b6cbda2201a5d5eee6879119b7f44fce3a453cdf63db427c11d6212","[]"
"m02-options","optimizer","2","resolver.mjs","19","56","call_01_jQVyfqrqQPc7bpkTGqCE7879","call_00_YCsH1DJUoqEISrPe3aLs5670","true","true","true","true","false","e6254244b857c5f137242f3219262ed8ee8eb9a721dea6591862b14de7cf5ec4","059133805347bda02de41fb67651431e387ff88acdabd381addf40fb20d1146b","[{""name"":""write_file"",""callId"":""call_00_5WZ3iUNE5WV6IU0Za2le9682"",""startSeq"":39,""endSeq"":40}]"
"m02-options","optimizer","2","formatter.mjs","22","59","call_02_cIu0tyF6i97u1NHh9z032899","call_01_tAXJxJJZz3zTHbuqHqiq4873","true","true","true","true","false","fcf97cb743f27295d7e3ecb90906e90db6cd2827e9fbe46befd7539280ff72c7","e6d925b6db3cbeab1c81492f4dc0c39dbeff9d627d3ee9b2bd7b9297c2f4bedb","[{""name"":""write_file"",""callId"":""call_01_TquCAiCMJwhc6B4Ix2g23035"",""startSeq"":42,""endSeq"":43}]"
"m02-options","optimizer","2","defaults.mjs","16","62","call_00_4x6y9RroWfXBRXAKDVZ45995","call_02_Gdii08Gjeaertqe0wDfy5217","true","true","true","true","false","3ad59ce476bd535040ad1f2a9735f1e62306eef6fdf2ee72dcd1b123f3b677d8","19c3c91218973317e6c16047d704a7a0730d16e0af566a1eb10d92063c099065","[{""name"":""write_file"",""callId"":""call_00_X6SucChPtegEShr0owYP2255"",""startSeq"":32,""endSeq"":33}]"
"m02-options","full","2","defaults.mjs","16","45","call_00_qwnerhFMU7SlHsvs4MqQ1644","call_00_KuUwLI5TvTarpOak3hKr1318","true","true","true","true","false","3ad59ce476bd535040ad1f2a9735f1e62306eef6fdf2ee72dcd1b123f3b677d8","56e3755d0ffef40127d34cf29a981e0d7e8d5cfb83dd8401245fadeea4784f7f","[{""name"":""write_file"",""callId"":""call_00_7N8h21QdqrOWocJFdORQ5329"",""startSeq"":32,""endSeq"":33}]"
"m02-options","full","2","resolver.mjs","19","48","call_01_tnU8I4sLEFS6oJ9qMw4X7344","call_01_NlrtOJKt9gw0JOkEiieT8969","true","true","true","true","false","e6254244b857c5f137242f3219262ed8ee8eb9a721dea6591862b14de7cf5ec4","0f7ec073d9fcb8a7156b2090574d1bbdff895dbb87c90a40423d9eb2e5bd5453","[{""name"":""write_file"",""callId"":""call_01_4VuRG6WFhTCDqy8zFPY09326"",""startSeq"":35,""endSeq"":36}]"
"m02-options","full","2","formatter.mjs","22","51","call_02_muGZWOFqmz3XXqhm1gi29278","call_02_29NQ9R6rP9V655ax2fEi0743","true","true","true","true","false","fcf97cb743f27295d7e3ecb90906e90db6cd2827e9fbe46befd7539280ff72c7","e6d925b6db3cbeab1c81492f4dc0c39dbeff9d627d3ee9b2bd7b9297c2f4bedb","[{""name"":""write_file"",""callId"":""call_02_eIrrJ709zgObD32vRsZl7953"",""startSeq"":38,""endSeq"":39}]"
"b01-normalize","optimizer","3","normalize.mjs","16","33","call_00_4TymuC6PNtqAux1xnSLf6155","call_00_sXuorw2DNIIE3ezQDDtD4062","true","true","true","true","false","702d3ec9d0de629f5482903eab60d025b3ea6409c6d0cf07a3ca4c85acf7622a","e8caae1896d8033087581433a4127c5d66c4f3f2bef489f337e3bce7f55dfc72","[{""name"":""edit_file"",""callId"":""call_00_1RW7BpEYOZll7UKmCPrI9898"",""startSeq"":26,""endSeq"":27}]"
"b01-normalize","full","3","normalize.mjs","16","33","call_00_Eq9FFZXx30wE2DGqdjMq3202","call_00_9tDcRCq1HOlrDrYIqKF33207","true","true","true","true","false","702d3ec9d0de629f5482903eab60d025b3ea6409c6d0cf07a3ca4c85acf7622a","e8caae1896d8033087581433a4127c5d66c4f3f2bef489f337e3bce7f55dfc72","[{""name"":""edit_file"",""callId"":""call_00_QwUg7N5XLdZcsjROkLfh8128"",""startSeq"":26,""endSeq"":27}]"
"b01-normalize","baseline","3","normalize.mjs","7","21","call_00_ufclcvaxOQTQLpa4C3r06205","call_00_wYhv5KAz2bbFWIgP9qt90962","true","true","true","true","false","702d3ec9d0de629f5482903eab60d025b3ea6409c6d0cf07a3ca4c85acf7622a","e8caae1896d8033087581433a4127c5d66c4f3f2bef489f337e3bce7f55dfc72","[{""name"":""edit_file"",""callId"":""call_00_ulE66yc42DFtnWiLJHNW9663"",""startSeq"":14,""endSeq"":15}]"
"b01-normalize","context","3","normalize.mjs","7","21","call_00_nfgBeyLp3MxeheyB1JAO4005","call_00_XZN2F73gXwxGWAldVsfm8349","true","true","true","true","false","702d3ec9d0de629f5482903eab60d025b3ea6409c6d0cf07a3ca4c85acf7622a","e8caae1896d8033087581433a4127c5d66c4f3f2bef489f337e3bce7f55dfc72","[{""name"":""edit_file"",""callId"":""call_00_xVxs1bV5YBvrvsga5W267779"",""startSeq"":14,""endSeq"":15}]"
"b02-counter","baseline","3","counter.mjs","7","35","call_00_ERSAvhvbP5gTayWDaFU05442","call_00_345FozSRymbsDh7eg2CW2014","true","true","true","true","false","e5c6ad5146d45344d82c755c998b4d318de76df4958cb94b208d95db7dc2e41e","45fea9647560f5a2a19c59d30edf490b1be12f8a790b0494c651a772a782edf2","[{""name"":""write_file"",""callId"":""call_00_KMVgSjzMXegcZwp4kOwN6464"",""startSeq"":28,""endSeq"":29}]"
"b02-counter","context","3","counter.mjs","14","31","call_00_d5SamGf3S8SMxStAFR3M1376","call_00_p0FQfNlMgkKwJB9bmp140636","true","true","true","true","false","e5c6ad5146d45344d82c755c998b4d318de76df4958cb94b208d95db7dc2e41e","97934da71c40566bad7d1c0e2a2a552868f3158debb42a08143eb62b46bd8b05","[{""name"":""write_file"",""callId"":""call_00_UC52Uqc7c2LjT5Be7eot8055"",""startSeq"":24,""endSeq"":25}]"
"b03-config","baseline","3","config.mjs","7","35","call_00_wC6mwa2pYhPSfJ8oa9Oj6985","call_00_ahVWHQFBjIkB4HnifhXc4604","true","true","true","true","false","123dfdc2781c0bd9c5129e10510d5984b37a44beb54c07e4e04f5f32dc3c5730","fc47a96c1e1535928da2ebf3871e7dfeb99e5c1d47959a43bc35c533e12e2f3c","[{""name"":""write_file"",""callId"":""call_00_3oNXiqeaRQWos23ySuwQ8574"",""startSeq"":28,""endSeq"":29}]"
"b03-config","baseline","3","config.mjs","35","63","call_00_ahVWHQFBjIkB4HnifhXc4604","call_00_WXAgQWTjbPiCuwSzbn6m8051","true","true","true","true","false","fc47a96c1e1535928da2ebf3871e7dfeb99e5c1d47959a43bc35c533e12e2f3c","d809bfce0ea444d3cb0a2c71371df8224fc6696d68855842ec803be1421b3ceb","[{""name"":""write_file"",""callId"":""call_00_FjC0wHz4ebvQ8UKd4tlb0889"",""startSeq"":42,""endSeq"":43}]"
"b03-config","baseline","3","public.test.mjs","21","70","call_00_Y05BNSjOTh97p6YHfZEA3904","call_00_FMqHMTri0aLziVwnLLLF6382","true","true","true","true","true","cf86e0fc3ae6220befd9579a627581dc50175feb2c9c6c72c11f6a62a026ee10","cf86e0fc3ae6220befd9579a627581dc50175feb2c9c6c72c11f6a62a026ee10","[]"
"b03-config","context","3","config.mjs","7","35","call_00_qgOd3w35jr98pHTP1Owu5587","call_00_kLOjGgB2twYAcLSObJW59816","true","true","true","true","false","123dfdc2781c0bd9c5129e10510d5984b37a44beb54c07e4e04f5f32dc3c5730","83cd4f5b373871dda6076e1ccaae743e2ef0435527189da56f2b67463901ea1f","[{""name"":""write_file"",""callId"":""call_00_096dyVd4hHpnQKkWTq9p4193"",""startSeq"":28,""endSeq"":29}]"
"b03-config","context","3","config.mjs","35","49","call_00_kLOjGgB2twYAcLSObJW59816","call_00_0sy5rxEiETOKMH6TFbhJ9711","true","true","true","true","false","83cd4f5b373871dda6076e1ccaae743e2ef0435527189da56f2b67463901ea1f","eeff935c8e59d3c046e8b3767bd9b2c5f8e95bb69e340dae102c1c980c4c57df","[{""name"":""edit_file"",""callId"":""call_00_uEfhYd9V6Ks23p1k8Kvm3984"",""startSeq"":42,""endSeq"":43}]"
"b03-config","context","3","public.test.mjs","21","63","call_00_SxCxP1vRDgxP857nlPD99730","call_00_EmW4Bn8q8wQRiPexTHyk0602","true","true","true","true","true","cf86e0fc3ae6220befd9579a627581dc50175feb2c9c6c72c11f6a62a026ee10","cf86e0fc3ae6220befd9579a627581dc50175feb2c9c6c72c11f6a62a026ee10","[]"
"b03-config","optimizer","3","config.mjs","16","33","call_00_SPRq1uxsB5GJmKV0mrNW4823","call_00_5UZSypkWSyA0IM7en3kn4486","true","true","true","true","false","123dfdc2781c0bd9c5129e10510d5984b37a44beb54c07e4e04f5f32dc3c5730","e7777debb24eaaf5777b2cf6c88eab88f18d905c15360b33deed8ad646dfacc9","[{""name"":""write_file"",""callId"":""call_00_i5LPxjKpODtRTLggKUEK3381"",""startSeq"":26,""endSeq"":27}]"
"b03-config","optimizer","3","config.mjs","33","54","call_00_5UZSypkWSyA0IM7en3kn4486","call_00_WfsScmKI017G7iY4f2fa3678","true","true","true","true","false","e7777debb24eaaf5777b2cf6c88eab88f18d905c15360b33deed8ad646dfacc9","1d59c2c2532e70ceeabf414f71765c1780d77e0ddab12f9bc2c12aeffcb18759","[{""name"":""edit_file"",""callId"":""call_00_x45x33MAS1RHCrA4NSjk4479"",""startSeq"":40,""endSeq"":41},{""name"":""edit_file"",""callId"":""call_00_2j4P6Es6CNaVBZKffQHe1202"",""startSeq"":47,""endSeq"":48}]"
"b03-config","optimizer","3","public.test.mjs","19","75","call_01_z2sSOtSHVB4iIjkAQr8M2816","call_00_GFWqTSOTLE6AVl5jmmvr0160","true","true","true","true","true","cf86e0fc3ae6220befd9579a627581dc50175feb2c9c6c72c11f6a62a026ee10","cf86e0fc3ae6220befd9579a627581dc50175feb2c9c6c72c11f6a62a026ee10","[]"
"b03-config","optimizer","3","config.mjs","54","82","call_00_WfsScmKI017G7iY4f2fa3678","call_00_2qQz5zHGH8oVdRTGM9kZ9510","true","true","true","true","true","1d59c2c2532e70ceeabf414f71765c1780d77e0ddab12f9bc2c12aeffcb18759","1d59c2c2532e70ceeabf414f71765c1780d77e0ddab12f9bc2c12aeffcb18759","[]"
"b03-config","full","3","config.mjs","16","33","call_00_YQI3P4ayJfeNnhMM7R7g0105","call_00_cRaEz0Lhtpfscvq5xFGP9820","true","true","true","true","false","123dfdc2781c0bd9c5129e10510d5984b37a44beb54c07e4e04f5f32dc3c5730","686bf67edb265239526177f213b398e83e8bbf7b8e50946dfead318860314d66","[{""name"":""write_file"",""callId"":""call_00_BXXNtUIyzMtP7g9uy4Wt2855"",""startSeq"":26,""endSeq"":27}]"
"b03-config","full","3","config.mjs","33","61","call_00_cRaEz0Lhtpfscvq5xFGP9820","call_00_k1dmol9O08FPW9SK0fsp4620","true","true","true","true","false","686bf67edb265239526177f213b398e83e8bbf7b8e50946dfead318860314d66","e407183ccb0afaf5e94b69899bcf45bb1628f71a36e491a1d8b6e73735ac0013","[{""name"":""edit_file"",""callId"":""call_00_ElYQ6FRr82Oo3pM9yCSe9880"",""startSeq"":40,""endSeq"":41}]"
"f01-tags","context","3","tags.mjs","14","31","call_00_7xEQhmutArTivTwE04o73223","call_00_kwJjcel2eaTrIpweSuoA5539","true","true","true","true","false","852fa85117b3195be444424da3017b666a8a41668f9d01992b15f9342f156bd8","c01bd123244a7794f5622263dd8dcb09b6781fb5ceffdd2d9e4d4af325d66c13","[{""name"":""write_file"",""callId"":""call_00_OknpDpreHvlIsRFACQ4F7431"",""startSeq"":24,""endSeq"":25}]"
"f01-tags","optimizer","3","tags.mjs","16","33","call_00_ikm1HvJfl4qId5qYhG5t8779","call_00_Z2ewakyfHrktC85vQAOV2010","true","true","true","true","false","852fa85117b3195be444424da3017b666a8a41668f9d01992b15f9342f156bd8","c01bd123244a7794f5622263dd8dcb09b6781fb5ceffdd2d9e4d4af325d66c13","[{""name"":""write_file"",""callId"":""call_00_GfLQ042bVCmtRtQ05Uzl9962"",""startSeq"":26,""endSeq"":27}]"
"f01-tags","full","3","tags.mjs","16","33","call_00_Si08E7ZJpXQXCemZ4lMC3721","call_00_Ep4pRjZn3Yrptzt0g0KU9456","true","true","true","true","false","852fa85117b3195be444424da3017b666a8a41668f9d01992b15f9342f156bd8","c01bd123244a7794f5622263dd8dcb09b6781fb5ceffdd2d9e4d4af325d66c13","[{""name"":""write_file"",""callId"":""call_00_FrLzElbeG8SiR6BVsh7I1789"",""startSeq"":26,""endSeq"":27}]"
"f01-tags","baseline","3","tags.mjs","14","31","call_00_HXV2A14Pa3aXJnbD5oK08068","call_00_fjeZ0DwmY3sCijlwR3Da1031","true","true","true","true","false","852fa85117b3195be444424da3017b666a8a41668f9d01992b15f9342f156bd8","c01bd123244a7794f5622263dd8dcb09b6781fb5ceffdd2d9e4d4af325d66c13","[{""name"":""write_file"",""callId"":""call_00_gzFM9tmtdcx9G5jjcKRl4144"",""startSeq"":24,""endSeq"":25}]"
"f02-pagination","full","3","pagination.mjs","16","33","call_00_zrRrN2Q4Dm5ffAC5MjPz4708","call_00_mqbmUSov1AYslzKPHpXu5552","true","true","true","true","false","3283af26194748acb21d30ed87c1a9bbb611ac2b2193d29e767c4aa74dcf534b","c54aff0ca3a64b4769c9dcf7e805ea5ba93acf4ecb03335650b092a9839a7940","[{""name"":""write_file"",""callId"":""call_00_GYdalzLyGTmUHUjzlmr02242"",""startSeq"":26,""endSeq"":27}]"
"f02-pagination","baseline","3","pagination.mjs","7","21","call_00_18z2cRjTyAv1CP4kJmeB6051","call_00_sF0cGwrn9Tg7nUcqcr2N8888","true","true","true","true","false","3283af26194748acb21d30ed87c1a9bbb611ac2b2193d29e767c4aa74dcf534b","c54aff0ca3a64b4769c9dcf7e805ea5ba93acf4ecb03335650b092a9839a7940","[{""name"":""write_file"",""callId"":""call_00_EEvcSGp8gOnv1oOxFJVp9329"",""startSeq"":14,""endSeq"":15}]"
"f03-ranges","full","3","ranges.mjs","12","33","call_01_bibQsHxjHuojfsEqbcFn1109","call_00_M0jrdqnKxGbogNNezo1h7036","true","true","true","true","false","f43c1cafe156f86886a63252753837bfd8b57f18b315b6a984e6cf14c351f2b9","4ddb9df3a5a83f0839e079f584aabd5190fd2b5dde77bd84ced236ae38792477","[{""name"":""write_file"",""callId"":""call_00_td3ZRg5pdRvaHQ2pSD6U4344"",""startSeq"":26,""endSeq"":27}]"
"f03-ranges","baseline","3","ranges.mjs","14","31","call_00_sR1mk41uwqgatOPNR0N35047","call_00_v9Kdht0pdGQSODlGhfTV3576","true","true","true","true","false","f43c1cafe156f86886a63252753837bfd8b57f18b315b6a984e6cf14c351f2b9","25876c7f205f1990391ec7d914fd071d734d938e57ec9f1c87a41b2d2672097b","[{""name"":""write_file"",""callId"":""call_00_2fpFA0ih3oqYmVuSpR9U1419"",""startSeq"":24,""endSeq"":25}]"
"f03-ranges","context","3","ranges.mjs","14","31","call_00_wQWaZVvOHKVQviU2Qqsp7866","call_00_CJHjjdP8oo0ddTH1WGUl1577","true","true","true","true","false","f43c1cafe156f86886a63252753837bfd8b57f18b315b6a984e6cf14c351f2b9","c6d7923d7617dfa8b0bd4b22c0596d75ea9ab675aedff00589dd19016e7c547d","[{""name"":""write_file"",""callId"":""call_00_GmmL8l2Lgz1ada1VJkJD8473"",""startSeq"":24,""endSeq"":25}]"
"f03-ranges","optimizer","3","ranges.mjs","16","33","call_00_0f0kZGQ1XWbgyxZKtmrF0218","call_00_uDoeKadDW9K99R9dOxPS3845","true","true","true","true","false","f43c1cafe156f86886a63252753837bfd8b57f18b315b6a984e6cf14c351f2b9","4ac51f46e42614ef01770e5d2428aa77748c39237a70287b1c943c7ba10f1e95","[{""name"":""write_file"",""callId"":""call_00_LojZhriynSo4jGigGXb58146"",""startSeq"":26,""endSeq"":27}]"
"h01-config-pipeline","baseline","3","src/merge.mjs","35","89","call_07_G7TTEgGDaB21uGuzd4iQ9191","call_00_BniahaNtYZVZmsa1r37S6153","true","true","true","true","false","4aa593488bb78234db26dba2e478ed840907b5b9a3339f9fea386ebeb02e55d4","db3d1359896fe5c3a046de884397d6a53c1b38d91dedc3515c68012a0697ce2c","[{""name"":""write_file"",""callId"":""call_00_PTZkQl3SVooKnEZE9uXM8160"",""startSeq"":54,""endSeq"":55}]"
"h01-config-pipeline","baseline","3","src/file-config.mjs","26","92","call_04_hsfXsHKn9tfkwMwvocNu0263","call_01_oot4aq0s07b73TEgHaJt4143","true","true","true","true","true","f92ec1a8c0637835eb54496bb8ca6a195e1613aaba6d3db9d9943fd295855d63","f92ec1a8c0637835eb54496bb8ca6a195e1613aaba6d3db9d9943fd295855d63","[]"
"h01-config-pipeline","baseline","3","src/env-config.mjs","23","113","call_03_AOB7VIPQFi9I3YBAViqK8195","call_00_emtoUArz9VRI4Oj9iEUv3111","true","true","true","true","false","fe0eecff2b015b29b00d5e44520939211150093169d6c6cfb7748ee0e5545f44","9499e6d8d04579b96596f66433af53a93c53d5adbd8af84afa530067e13426e8","[{""name"":""edit_file"",""callId"":""call_00_CwmqUeW31TuPeUEF3IeY2063"",""startSeq"":75,""endSeq"":76}]"
"h01-config-pipeline","baseline","3","src/validate.mjs","38","116","call_08_uAVVKeBC9tSxrHrlQ2vq0617","call_01_cIFP3Ixmqqa4ix7O4cnJ8662","true","true","true","true","false","c7356ab18f692343d74a6059121ebef01dd81a95b7b9259895de0fb183d470b8","117d5940cdab19e3f38131211f4c0c2e0024ed0e72083799d1a0b4ec33b1f2b6","[{""name"":""edit_file"",""callId"":""call_00_zmD9xHNlv0bKH05Wr6xK7344"",""startSeq"":82,""endSeq"":83}]"
"h01-config-pipeline","context","3","src/merge.mjs","35","85","call_07_CYspjFpLGYj2MlaygXnU0705","call_00_8vgwBAf59RTDtCnSi0UI7796","true","true","true","true","false","4aa593488bb78234db26dba2e478ed840907b5b9a3339f9fea386ebeb02e55d4","6586b97b593e0d857301ef869ccf02b9b123b1c31158f00e03fff145d5c545ad","[{""name"":""write_file"",""callId"":""call_00_og1W51jB3tJYFtH42fRG4926"",""startSeq"":54,""endSeq"":55}]"
"h01-config-pipeline","context","3","src/index.mjs","14","102","call_00_oaZQ2INlasy2djNJoWLd0341","call_00_X0rF1yzNPKJTKvloGdY05994","true","true","true","true","true","c2bd8855d62db683dac459234b698a663e353afbe0223e6f72042498a0726ee6","c2bd8855d62db683dac459234b698a663e353afbe0223e6f72042498a0726ee6","[]"
"h01-config-pipeline","context","3","src/defaults.mjs","20","105","call_02_ebR1qfSUXReuTKW3aVIz5082","call_01_5a1AjTfyl9K5Zc9v8fp12185","true","true","true","true","true","c712d430f49301c1df436f2513a492163e7fa95263a912a2df015ca7068093f2","c712d430f49301c1df436f2513a492163e7fa95263a912a2df015ca7068093f2","[]"
"h01-config-pipeline","context","3","src/validate.mjs","38","108","call_08_8ZL76AtCa8ojcmwv7q536444","call_02_qQqTnOuYWPVMSGXbidPA3801","true","true","true","true","false","c7356ab18f692343d74a6059121ebef01dd81a95b7b9259895de0fb183d470b8","44537b8a7db604886d3490bc450c6a7d15d0ed8ec29c0729f5d404d1dc4fc604","[{""name"":""edit_file"",""callId"":""call_01_AZs53JOdgwI2Bh3mcK9E6420"",""startSeq"":78,""endSeq"":79}]"
"h01-config-pipeline","context","3","src/format.mjs","29","111","call_05_RyHnu8wf8OpxKhJ9pVaE5558","call_03_c1O3pr9S7q7N8oGhehbe6112","true","true","true","true","true","563b9713ce52ff02b38e23cc6fa2a6d29310e3c2b28696877918c950dd630ba8","563b9713ce52ff02b38e23cc6fa2a6d29310e3c2b28696877918c950dd630ba8","[]"
"h01-config-pipeline","optimizer","3","src/index.mjs","16","134","call_00_oo8lw457MaBCSrytkSNO8778","call_00_4ZZWxBCPxocOJPRqU8Qs4495","true","true","true","true","true","c2bd8855d62db683dac459234b698a663e353afbe0223e6f72042498a0726ee6","c2bd8855d62db683dac459234b698a663e353afbe0223e6f72042498a0726ee6","[]"
"h01-config-pipeline","full","3","src/index.mjs","16","85","call_00_lUgKGnZS0ABo0D7RaFxC6435","call_00_34Xe8WAtSGZRSP9l8BjI0154","true","true","true","true","true","c2bd8855d62db683dac459234b698a663e353afbe0223e6f72042498a0726ee6","c2bd8855d62db683dac459234b698a663e353afbe0223e6f72042498a0726ee6","[]"
"h01-config-pipeline","full","3","src/merge.mjs","35","99","call_03_kJSLyz1kBYPeyUZ50Hjl0423","call_00_s9L4eUTL8Nmj4YeM1GVn9049","true","true","true","true","false","4aa593488bb78234db26dba2e478ed840907b5b9a3339f9fea386ebeb02e55d4","c1f1269469629cf9fb88e2b4a031876e79b4c9c301ba84039eadb9a49ab0e798","[{""name"":""write_file"",""callId"":""call_00_7cxzU92ncnBAqLpyPU2l4001"",""startSeq"":64,""endSeq"":65}]"
"h01-config-pipeline","full","3","src/env-config.mjs","32","102","call_02_3TNIKjNVN0rW52E9Jqzd9929","call_01_b5kfOHIJYWqpBchzpx523562","true","true","true","true","false","fe0eecff2b015b29b00d5e44520939211150093169d6c6cfb7748ee0e5545f44","7eacbb89a51675c9c3011d6cab1a43cdafff2de212eea286f8569ab20e74e48a","[{""name"":""write_file"",""callId"":""call_00_PMCvKHTtGbvHvZQjgC9q0858"",""startSeq"":71,""endSeq"":72}]"
"h01-config-pipeline","full","3","src/validate.mjs","38","105","call_04_0DvCBzWAJviycVMkQxAF9018","call_02_hHoPPxeOPMNYcumEpAva7817","true","true","true","true","false","c7356ab18f692343d74a6059121ebef01dd81a95b7b9259895de0fb183d470b8","16d00b697f42d32b3f1600bcbb5742c37de1dc853bdc411d3f9df18fcf607738","[{""name"":""edit_file"",""callId"":""call_00_qt67LGSpSt4IfCeo6CC35044"",""startSeq"":78,""endSeq"":79}]"
"h01-config-pipeline","full","3","src/file-config.mjs","29","115","call_01_rLgE8djPNgyajZCAbkLt6921","call_00_dd5D6SdtPQ7Q4czuPDEl3925","true","true","true","true","true","f92ec1a8c0637835eb54496bb8ca6a195e1613aaba6d3db9d9943fd295855d63","f92ec1a8c0637835eb54496bb8ca6a195e1613aaba6d3db9d9943fd295855d63","[]"
"h01-config-pipeline","full","3","src/defaults.mjs","26","118","call_00_4AyJqmdSd1pGTWd8NnCg7863","call_01_5a1lSklh3JQepYrzdzM79050","true","true","true","true","true","c712d430f49301c1df436f2513a492163e7fa95263a912a2df015ca7068093f2","c712d430f49301c1df436f2513a492163e7fa95263a912a2df015ca7068093f2","[]"
"h01-config-pipeline","full","3","src/legacy.mjs","44","121","call_06_dN8Qdj1S3U3QkNIx4Pnu1361","call_02_f7K5hnuBS8Kt9fnYvr0u3351","true","true","true","true","true","84cb16119c34ada7be29ba94b93e44a79e945f140ea8ec791baaee117c3d54f2","84cb16119c34ada7be29ba94b93e44a79e945f140ea8ec791baaee117c3d54f2","[]"
"h02-chunk-parser","context","3","src/line.mjs","26","61","call_03_BBZPDHXuRAiaJ4pk20bx5028","call_00_A3jzcRQMUjfqaqLG0WII7487","true","true","true","true","true","8b16d68c00ec7e58f87c5566dea8f3be62d5892bf65aa13ad1502cc83ba84c7c","8b16d68c00ec7e58f87c5566dea8f3be62d5892bf65aa13ad1502cc83ba84c7c","[]"
"h02-chunk-parser","context","3","src/state.mjs","23","64","call_02_q3ZL7HKEqxfDXN5c68XU4547","call_01_icXWU7rRgku17NuOHRVd9991","true","true","true","true","false","48289c8e33361dd10c7313926fc3c20917132fc2a3af634680ed095360ef32db","0546068b139290067792a4acb5fe2c98c67b4ab01a03c8a41807e9b6133dc731","[{""name"":""write_file"",""callId"":""call_00_2sSiAtUzQ9by8qRO8Blf0958"",""startSeq"":54,""endSeq"":55}]"
"h02-chunk-parser","context","3","src/index.mjs","10","81","call_01_FsVXpsEPo6cnqhjpEndA1583","call_00_GL6sySpHgkAwcMIS9nLX1382","true","true","true","true","true","d171114dae474968b5a02010604a7c119471f09132187287c87f6cf6313c4743","d171114dae474968b5a02010604a7c119471f09132187287c87f6cf6313c4743","[]"
"h02-chunk-parser","context","3","src/tokenizer.mjs","17","98","call_00_nvusS7Zn0dkqqzw03SrW2551","call_00_RLFQdC3IkaiF09ZrUyOD2030","true","true","true","true","true","6890f5d3b91a30d016ebd63a01ebaac03612a2cb503607000c4a6c6362cafbc9","6890f5d3b91a30d016ebd63a01ebaac03612a2cb503607000c4a6c6362cafbc9","[]"
"h02-chunk-parser","context","3","src/assembler.mjs","20","101","call_01_ozmGWg0rNOPL2bg1ygRZ6250","call_01_JzqdYmp4lmw8bkgXrXTG7731","true","true","true","true","true","c6ce1f5eb002b4fe2e8df119e8a78d7f7fda576fd7ec26bf126390f3be5054db","c6ce1f5eb002b4fe2e8df119e8a78d7f7fda576fd7ec26bf126390f3be5054db","[]"
"h02-chunk-parser","context","3","src/consumers/read-items.mjs","35","104","call_06_wZjtOg9rRZNvlxwoRzn67216","call_02_0XYTyfR3l45EUxvuNZve4279","true","true","true","true","true","f40ee439a9af5cee16b7876fc6d18dd9506e2b485bc7f127fca3db6ef3bb4a54","f40ee439a9af5cee16b7876fc6d18dd9506e2b485bc7f127fca3db6ef3bb4a54","[]"
"h02-chunk-parser","context","3","src/consumers/count-items.mjs","38","107","call_07_LYGazbJjUEfjY6xKa3eg3451","call_03_kg0I2FEUgTrObajRgvU98561","true","true","true","true","true","babc6cb2c362f1772ad9a6501d2778b72a9f9eeafcaef3432b0a61f779d868b4","babc6cb2c362f1772ad9a6501d2778b72a9f9eeafcaef3432b0a61f779d868b4","[]"
"h02-chunk-parser","context","3","src/item-schema.mjs","32","110","call_05_rRWmPGuc2n9vpkBeQqGY8194","call_04_L5ykEDG0FnKH9rJ6ve0F6056","true","true","true","true","true","005bf9cadfdf57c7fa9c3b4dc4ea963d1c300b6d4f89563eda77db92070ea863","005bf9cadfdf57c7fa9c3b4dc4ea963d1c300b6d4f89563eda77db92070ea863","[]"
"h03-module-navigation","optimizer","3","entry.mjs","16","84","call_00_4nk8d0SfSRNirsOiuW3V2773","call_00_SEGxj8DFxAQ2oTUPqcEw6202","true","true","true","true","false","963afba4644456a94d69f02f71d86609c2008526ffc37a18dbf1629357cf41a0","3a98d6a8c81a230d85d36926bd954edcb671c7444189f891ca466cf6de4d0c08","[{""name"":""write_file"",""callId"":""call_00_NG0hfkwRI4Nrbc9WUpS43809"",""startSeq"":77,""endSeq"":78}]"
"h03-module-navigation","optimizer","3","registry.mjs","25","87","call_03_7JnEy25nVvUJw6Hkq2i75662","call_01_G6JaH9lHnQkoD6NsAiRr6803","true","true","true","true","false","dfe590a0eb455539b113defb58e8a1477f53a797dd495e6e92983ca89f9dae46","aa4e66d71dc29d645c09b3ba416d943b433805840fdf14b0e49b965da45e578d","[{""name"":""write_file"",""callId"":""call_00_QtOxaLHB5TbMBYVNKJEL1195"",""startSeq"":70,""endSeq"":71}]"
"h03-module-navigation","optimizer","3","entry.mjs","84","101","call_00_SEGxj8DFxAQ2oTUPqcEw6202","call_00_HQS2YpyfS1hVvAS1Brk62689","true","true","true","true","true","3a98d6a8c81a230d85d36926bd954edcb671c7444189f891ca466cf6de4d0c08","3a98d6a8c81a230d85d36926bd954edcb671c7444189f891ca466cf6de4d0c08","[]"
"h03-module-navigation","optimizer","3","registry.mjs","87","104","call_01_G6JaH9lHnQkoD6NsAiRr6803","call_01_qFIRZkxO3kCEVjd3wtQp7748","true","true","true","true","true","aa4e66d71dc29d645c09b3ba416d943b433805840fdf14b0e49b965da45e578d","aa4e66d71dc29d645c09b3ba416d943b433805840fdf14b0e49b965da45e578d","[]"
"h03-module-navigation","optimizer","3","legacy.mjs","22","107","call_02_d0HQBUZN8R6qZ2T0wx1o7550","call_02_cr62Eujarv4RD3JF80Jf0020","true","true","true","true","true","130a8e74eedb3b5fc146ae7b25d10f200c592ddb23ce1a59759393c4e76fc662","130a8e74eedb3b5fc146ae7b25d10f200c592ddb23ce1a59759393c4e76fc662","[]"
"h03-module-navigation","full","3","registry.mjs","25","84","call_03_NRKjJcRp4wwKqJDDfFKq0953","call_00_5FBHp66l1LmZoRP5IgiU6940","true","true","true","true","false","dfe590a0eb455539b113defb58e8a1477f53a797dd495e6e92983ca89f9dae46","563d3e717b6912900a4f43bdba4842340cf4b016b07b22c23f06cae4e385ed23","[{""name"":""write_file"",""callId"":""call_00_kFvPMB1dhOkNXzajm8Tn5373"",""startSeq"":70,""endSeq"":71}]"
"h03-module-navigation","full","3","entry.mjs","16","87","call_00_4mjwBLghh7MaVtsFJBvH8987","call_01_2LVrrL3owIRuyuBxvdDf2541","true","true","true","true","false","963afba4644456a94d69f02f71d86609c2008526ffc37a18dbf1629357cf41a0","3a98d6a8c81a230d85d36926bd954edcb671c7444189f891ca466cf6de4d0c08","[{""name"":""write_file"",""callId"":""call_00_ACWzSyseiilLiVJ63rbj9137"",""startSeq"":77,""endSeq"":78}]"
"h03-module-navigation","full","3","legacy.mjs","22","101","call_02_i1XYvDo6AElKYrTTTj9P7608","call_00_s5s4JNAeRhu55woThqTH8404","true","true","true","true","true","130a8e74eedb3b5fc146ae7b25d10f200c592ddb23ce1a59759393c4e76fc662","130a8e74eedb3b5fc146ae7b25d10f200c592ddb23ce1a59759393c4e76fc662","[]"
"h03-module-navigation","baseline","3","registry.mjs","17","82","call_01_UFKQCbb8toTynp0DN9Q68057","call_00_i8LZE7qKg9gDyGsjXEFS0890","true","true","true","true","false","dfe590a0eb455539b113defb58e8a1477f53a797dd495e6e92983ca89f9dae46","5202bb8e80cd21de5255cbf512b25a2f85ff247a87b07b835af83894852eae95","[{""name"":""write_file"",""callId"":""call_00_gNu37Y1I60Eptif5D5Hp6370"",""startSeq"":68,""endSeq"":69}]"
"h03-module-navigation","baseline","3","analytics.mjs","61","96","call_05_ICZJUx33ChPVS0At1beC8005","call_00_ipZm6Rt42r4vbSI5fXCU4825","true","true","true","true","true","4dca868ffebf9185568927baa805bb35b88463744b3ed42710fae035ba564002","4dca868ffebf9185568927baa805bb35b88463744b3ed42710fae035ba564002","[]"
"h03-module-navigation","baseline","3","legacy.mjs","23","103","call_03_zqkqladdpOl8aih2OGfs9440","call_00_GaVUSc141RVVu8NSv9zr5473","true","true","true","true","true","130a8e74eedb3b5fc146ae7b25d10f200c592ddb23ce1a59759393c4e76fc662","130a8e74eedb3b5fc146ae7b25d10f200c592ddb23ce1a59759393c4e76fc662","[]"
"h03-module-navigation","baseline","3","entry.mjs","14","106","call_00_sinkvW5julrMzvq38BGS3786","call_01_CRu8qbie0E8xkOPByssR2776","true","true","true","true","false","963afba4644456a94d69f02f71d86609c2008526ffc37a18dbf1629357cf41a0","3a98d6a8c81a230d85d36926bd954edcb671c7444189f891ca466cf6de4d0c08","[{""name"":""write_file"",""callId"":""call_00_JO900JMXlzHnDAb0D9qV8768"",""startSeq"":75,""endSeq"":76}]"
"h03-module-navigation","context","3","routes/dynamic.mjs","33","82","call_01_DeIi1TVNhMUxiIIkookq2068","call_00_dLYGXZU9e4gsLtEKIUSa6626","true","true","true","true","true","d5a27bbdd2ea5679e23c3e43854fd11f8748f323252cdb78f8ebb0a6780de882","d5a27bbdd2ea5679e23c3e43854fd11f8748f323252cdb78f8ebb0a6780de882","[]"
"h03-module-navigation","context","3","routes/static.mjs","30","89","call_00_qGnb2TJbUykQ8juM3pfZ6221","call_00_JU5cNVWIq9zEFK7vJTip2557","true","true","true","true","true","563685c04e87ea3a5913b9154c66df7e7dd92dd6d6a1ee24348927567b6810a4","563685c04e87ea3a5913b9154c66df7e7dd92dd6d6a1ee24348927567b6810a4","[]"
"h03-module-navigation","context","3","routes/fallback.mjs","36","92","call_02_rP46oWAXDC4XnkhMvJMe3852","call_01_c9tMLqsYmJbaMe89VDOc6476","true","true","true","true","true","70483f738a06d1061d95d37419c83b1af00599a80a90282fb698925fa908a01c","70483f738a06d1061d95d37419c83b1af00599a80a90282fb698925fa908a01c","[]"
"h03-module-navigation","context","3","legacy.mjs","23","106","call_03_FnlWpbxzlJ19kmLLlB963238","call_00_SJYlLgCjlrgWkuNZiaak5631","true","true","true","true","true","130a8e74eedb3b5fc146ae7b25d10f200c592ddb23ce1a59759393c4e76fc662","130a8e74eedb3b5fc146ae7b25d10f200c592ddb23ce1a59759393c4e76fc662","[]"
"h03-module-navigation","context","3","entry.mjs","14","109","call_00_XAz2OvioClj7sg4dj1Vl7653","call_01_B7zPsTU2PJ0FnWEVi7Pq2599","true","true","true","true","false","963afba4644456a94d69f02f71d86609c2008526ffc37a18dbf1629357cf41a0","3a98d6a8c81a230d85d36926bd954edcb671c7444189f891ca466cf6de4d0c08","[{""name"":""write_file"",""callId"":""call_00_ZgMw7qcKsrSd0NOlFina5483"",""startSeq"":75,""endSeq"":76}]"
"h04-issue-refactor","full","3","normalize.mjs","16","81","call_00_LqhlIANgiSxgfcDSPbTb6279","call_00_73SvOIiZYnZaj5EThDDA6473","true","true","true","true","false","d6aeea44b071654e31460df3849427926c464b8c92fdcaeb68402a049c0ed5e0","a50e76d6ed2e678b5cd97ddf83f3276cc2c21167ac15c3c395c7d634a63e3690","[{""name"":""write_file"",""callId"":""call_00_Jm5tWizZYjtQ64NYY84n8215"",""startSeq"":62,""endSeq"":63}]"
"h04-issue-refactor","full","3","consumers/list.mjs","22","84","call_02_hSaJZWhKgoSqQYldpCxI5245","call_01_l9XZV3XJrSMrFjxdNM5U4573","true","true","true","true","false","c3c7487d1bf125375c8de9e30615ab85f04a9ab4f4670fdd1a60488655a0d8ef","2c928b446fcc5968ba31f9f993ea0fcfb9be3a4aeade20538ee25fab4ec6fe06","[{""name"":""write_file"",""callId"":""call_01_uGNNglw7Q4ot8dVWewet2502"",""startSeq"":65,""endSeq"":66}]"
"h04-issue-refactor","full","3","consumers/search.mjs","25","87","call_03_89dPoM9FbIgFQLJwQqRg2275","call_02_f7f333R0kpRTNEB8opUh5806","true","true","true","true","false","beb0f59d44b5b81700ddd331f587426416a049a42e704a7031975c759f6595c4","918f7177ff07cdc1684ee4a053c53eaab4e6845f55d23b18c5e109abd1d8f99c","[{""name"":""write_file"",""callId"":""call_02_ajCPpnu2wKNvqCXdOuZO3504"",""startSeq"":68,""endSeq"":69}]"
"h04-issue-refactor","full","3","consumers/activity.mjs","28","90","call_04_R34XMd08bxqg3ldhjh6s8504","call_03_kJ3i3YfibIkoYpsnadnx7401","true","true","true","true","false","1a001c5ac9cf9c17946335da7566de7a8e64543f7b7e68dd48d6e12c445c224d","cd2b2d71ce25f5ef8ff0d09e91c7bb6f212e6c0d531f20d49365db2cf2c4e0f5","[{""name"":""write_file"",""callId"":""call_03_lVYoREwBa6vOT9yGJRjg9664"",""startSeq"":71,""endSeq"":72}]"
"h04-issue-refactor","baseline","3","normalize.mjs","14","95","call_00_Ec5TsoCmlqP3ZWcQADll8659","call_00_ZiQvAe0wnMOG6I0YAI2b7483","true","true","true","true","false","d6aeea44b071654e31460df3849427926c464b8c92fdcaeb68402a049c0ed5e0","234bd736ca63d49295807ed391383522c7305400d28c4f986bceef7deeef3436","[{""name"":""write_file"",""callId"":""call_00_6sfLxAxIvBd35ArJEwWm0851"",""startSeq"":60,""endSeq"":61}]"
"h04-issue-refactor","baseline","3","consumers/search.mjs","20","98","call_02_gOFyYUXjNIQznkvbNq5N3598","call_01_LnzYyS5P74Kkc5yPjbTD0217","true","true","true","true","false","beb0f59d44b5b81700ddd331f587426416a049a42e704a7031975c759f6595c4","e34e30a4843511e71b81801a15049ee787c4b09c2d469a87e74354e1260895d1","[{""name"":""write_file"",""callId"":""call_00_iqkwmVOfJ4V8Yg0nHgFn8577"",""startSeq"":74,""endSeq"":75}]"
"h04-issue-refactor","baseline","3","consumers/activity.mjs","23","101","call_03_1996FcpOX4M277xhmMUT9516","call_02_66Okho5lTYdvEkGBpfGt1938","true","true","true","true","false","1a001c5ac9cf9c17946335da7566de7a8e64543f7b7e68dd48d6e12c445c224d","cd2b2d71ce25f5ef8ff0d09e91c7bb6f212e6c0d531f20d49365db2cf2c4e0f5","[{""name"":""write_file"",""callId"":""call_00_u5r1BNsywomt8Jz3PCGU4845"",""startSeq"":81,""endSeq"":82}]"
"h04-issue-refactor","baseline","3","serialize.mjs","26","104","call_04_PCq1Wzf6VcnD7FOyWdDf6407","call_03_ot1OUlQ5VQV36U1OEBVz3044","true","true","true","true","false","54832952dfa49f86f329ef813ebfc6a1211c5367736da4e42ab3e2ab1fc56142","6f906eb0bb2d3ec117979dabb11ec13ca8aa2e60defe35a6e9cd9e3432c719aa","[{""name"":""write_file"",""callId"":""call_00_i4B8KFvuqxDv8LtUBwXl3931"",""startSeq"":88,""endSeq"":89}]"
"h04-issue-refactor","context","3","normalize.mjs","14","95","call_00_QMxXErImhm1Dikaz3cYS6485","call_00_idcJuJC0j2w6Ys7QjBhl2540","true","true","true","true","false","d6aeea44b071654e31460df3849427926c464b8c92fdcaeb68402a049c0ed5e0","234bd736ca63d49295807ed391383522c7305400d28c4f986bceef7deeef3436","[{""name"":""write_file"",""callId"":""call_00_bidJzQQ2Bx4StM6vT33C9976"",""startSeq"":60,""endSeq"":61}]"
"h04-issue-refactor","context","3","consumers/list.mjs","17","98","call_01_32uVU248wkAs59zoml029930","call_01_PWwWB8Jxm5aJwYuUPcnh4178","true","true","true","true","false","c3c7487d1bf125375c8de9e30615ab85f04a9ab4f4670fdd1a60488655a0d8ef","2c928b446fcc5968ba31f9f993ea0fcfb9be3a4aeade20538ee25fab4ec6fe06","[{""name"":""write_file"",""callId"":""call_00_EZeMwfErBbdue3YEF7c39530"",""startSeq"":67,""endSeq"":68}]"
"h04-issue-refactor","context","3","consumers/search.mjs","20","101","call_02_5XQ6achjDMLjL09BkSEg0951","call_02_ZdMU6gPjAsOgkQXmn2XY3183","true","true","true","true","false","beb0f59d44b5b81700ddd331f587426416a049a42e704a7031975c759f6595c4","e657d7d79f1851a643143676e5e8caff4ba4777a157a6a6bd15379c60fa78213","[{""name"":""write_file"",""callId"":""call_00_dsCcRHGJh52cfWBzKncM1017"",""startSeq"":74,""endSeq"":75}]"
"h04-issue-refactor","context","3","consumers/activity.mjs","23","104","call_03_dGHfwZYxJaJXBdlxAdNt9427","call_03_iBhvS06heZd7bhABj4wE5539","true","true","true","true","false","1a001c5ac9cf9c17946335da7566de7a8e64543f7b7e68dd48d6e12c445c224d","cd2b2d71ce25f5ef8ff0d09e91c7bb6f212e6c0d531f20d49365db2cf2c4e0f5","[{""name"":""write_file"",""callId"":""call_00_hCSx8wH5kVoJEW7nzLSd1724"",""startSeq"":81,""endSeq"":82}]"
"h04-issue-refactor","optimizer","3","normalize.mjs","16","85","call_00_CwXMuJd2p3UsoZpZKUJd3821","call_00_gF66DBk8H31Extgglgwe3353","true","true","true","true","false","d6aeea44b071654e31460df3849427926c464b8c92fdcaeb68402a049c0ed5e0","cbf317cd7165bca341347f0ff6ab58b9c15cf3a9c67c664d6238826a6f96a0d9","[{""name"":""write_file"",""callId"":""call_00_nE4gWLDM1W96sLN9ZKm67349"",""startSeq"":66,""endSeq"":67}]"
"h04-issue-refactor","optimizer","3","consumers/search.mjs","25","88","call_03_nhpPHgCi1BS4sDxkqElS8732","call_01_T2f4nfpS2vQoS4yTjPlU7501","true","true","true","true","false","beb0f59d44b5b81700ddd331f587426416a049a42e704a7031975c759f6595c4","918f7177ff07cdc1684ee4a053c53eaab4e6845f55d23b18c5e109abd1d8f99c","[{""name"":""write_file"",""callId"":""call_02_N3cry5LQum7Jd0zlcXeQ6842"",""startSeq"":72,""endSeq"":73}]"
"h04-issue-refactor","optimizer","3","public.test.mjs","47","95","call_01_2ahCIl5Yz5udsUXT2IKW0054","call_00_EdbEN5nTDJ2Vad714E8I4452","true","true","true","true","true","9d7b6b14d49a380dd6cb67da2c993145f3123a93ad7957e8d1ebf98719aadac6","9d7b6b14d49a380dd6cb67da2c993145f3123a93ad7957e8d1ebf98719aadac6","[]"
"h04-issue-refactor","optimizer","3","consumers/list.mjs","22","102","call_02_QuI5dK97nD3xLtCRTG0i0997","call_00_7PWMDsMQh7e3um8nyfuU6637","true","true","true","true","false","c3c7487d1bf125375c8de9e30615ab85f04a9ab4f4670fdd1a60488655a0d8ef","2c928b446fcc5968ba31f9f993ea0fcfb9be3a4aeade20538ee25fab4ec6fe06","[{""name"":""write_file"",""callId"":""call_01_Uwuy1nTsQYhif35vxu0A3481"",""startSeq"":69,""endSeq"":70}]"
"m01-report","baseline","3","parser.mjs","14","37","call_00_THevUDvTfVBea78ltinF8871","call_00_VxzcTAkSpbxMMFgxvVdP9901","true","true","true","true","false","5e9db7e9d57fd9e79d9c1f43e9759f85bbfd4fabc4085c00e7777b9570fd533e","20f0b38b7fa2907ee2fe98eb59dce9b4983eb838bb2282a7662f0160b3d0ee97","[{""name"":""write_file"",""callId"":""call_00_vOfo70p2L17lFWLF2cku2143"",""startSeq"":27,""endSeq"":28}]"
"m01-report","baseline","3","report.mjs","17","40","call_01_9SZIMSLDkC0udjmoNeGq9781","call_01_4J0ym1lhBAJQQ6XStYCE6751","true","true","true","true","false","62108370ca22a7cfc7977eeb0261fc6e443315069b45cde9b116896dfaff21a1","f2c4d39cd9eb9149b435e6a632d418824e3d3ab97106c852940377d45f5e2c00","[{""name"":""write_file"",""callId"":""call_01_wiS62196lu1OlfhfsyY73319"",""startSeq"":30,""endSeq"":31}]"
"m01-report","context","3","parser.mjs","14","37","call_00_xQY4JjBKdcJj5m1nAfMI5423","call_00_70Uv8ZcinEQ0yoCHkkHX5875","true","true","true","true","false","5e9db7e9d57fd9e79d9c1f43e9759f85bbfd4fabc4085c00e7777b9570fd533e","2c9928368417a03bfbc24e68a7101bbcb5b0468f977e370afd278e5e354f31bf","[{""name"":""write_file"",""callId"":""call_00_tV5JeHFrG2pX3BUs8nPf4195"",""startSeq"":27,""endSeq"":28}]"
"m01-report","context","3","report.mjs","17","40","call_01_AB9OjUQbyHuoGJINeoFl1956","call_01_KpYuKDiYthJBJ1xA7W8S4596","true","true","true","true","false","62108370ca22a7cfc7977eeb0261fc6e443315069b45cde9b116896dfaff21a1","f2c4d39cd9eb9149b435e6a632d418824e3d3ab97106c852940377d45f5e2c00","[{""name"":""write_file"",""callId"":""call_01_j9uYTwpwkkgHLHN8UZJj2700"",""startSeq"":30,""endSeq"":31}]"
"m01-report","optimizer","3","parser.mjs","16","46","call_00_oJp2EpvLiM4M798mLv9R8677","call_00_Ur4FmG752xP89ueVbPzK4119","true","true","true","true","false","5e9db7e9d57fd9e79d9c1f43e9759f85bbfd4fabc4085c00e7777b9570fd533e","e2a9de3a5c9c90fb11c91d84c2f18f21a356225a9e99a65f2915e38ca7712ac1","[{""name"":""write_file"",""callId"":""call_00_nk6t72zmtiYSoxNusrX08258"",""startSeq"":29,""endSeq"":30}]"
"m01-report","optimizer","3","report.mjs","19","49","call_01_nzn51jL2VK43VvK2aRWd1871","call_01_1tyhshPmI506qyVopDJu0853","true","true","true","true","false","62108370ca22a7cfc7977eeb0261fc6e443315069b45cde9b116896dfaff21a1","bd019271b55c8dc87de956649ca0131a75e3e175824199609dddbc1ab105dc46","[{""name"":""write_file"",""callId"":""call_01_ZrnkqipSZVzbsZJBY4Pq8646"",""startSeq"":32,""endSeq"":33}]"
"m01-report","full","3","report.mjs","19","43","call_01_hEvPqCjKvyOhnuGFuGtn1915","call_00_LVbf6lMEKcfr8UXB18310892","true","true","true","true","false","62108370ca22a7cfc7977eeb0261fc6e443315069b45cde9b116896dfaff21a1","dab6b906a41c911c46fae12c7066a76573fa1a85a2a7152d671704da524530fb","[{""name"":""write_file"",""callId"":""call_00_PQpOSYaioSdFKcOPKkJF5039"",""startSeq"":36,""endSeq"":37}]"
"m01-report","full","3","parser.mjs","16","46","call_00_6Dq0zr5MKZMmC3x70M5a0582","call_01_osf7WuE2Fps6aR3wwnQS9456","true","true","true","true","false","5e9db7e9d57fd9e79d9c1f43e9759f85bbfd4fabc4085c00e7777b9570fd533e","6dd2109efbf1cba13509d7c3a84801c13653d3e0c151b0e0aa2b9befc2b8c649","[{""name"":""write_file"",""callId"":""call_00_W8jFB1I5L9LverA6fS9I1421"",""startSeq"":29,""endSeq"":30}]"
"m02-options","context","3","defaults.mjs","14","43","call_00_WJDQQtmhez5caKhYMgEh0942","call_00_5BtBa57lI5WnVUo8HQWD8716","true","true","true","true","false","3ad59ce476bd535040ad1f2a9735f1e62306eef6fdf2ee72dcd1b123f3b677d8","19c3c91218973317e6c16047d704a7a0730d16e0af566a1eb10d92063c099065","[{""name"":""write_file"",""callId"":""call_00_ipshg7PEcet2LPmkrBWg1788"",""startSeq"":30,""endSeq"":31}]"
"m02-options","context","3","resolver.mjs","20","46","call_02_53FRlCfOnrOC8Nakswxn4224","call_01_mPhSc46OnznF7nDEVodq1662","true","true","true","true","false","e6254244b857c5f137242f3219262ed8ee8eb9a721dea6591862b14de7cf5ec4","43db5da72af236e3055111ddbab2ecc174d841fcbb45fc401bbabb76bf0d5b5e","[{""name"":""write_file"",""callId"":""call_01_gTDEFldl6LwiT0z8wVUh1543"",""startSeq"":33,""endSeq"":34}]"
"m02-options","context","3","formatter.mjs","17","49","call_01_wqKwXlWhZ1edTkXypPWs2572","call_02_FDVyV3GmD9GMXbeIUI3y0020","true","true","true","true","false","fcf97cb743f27295d7e3ecb90906e90db6cd2827e9fbe46befd7539280ff72c7","efc786fc7e4d41af75d3b544d951113e7a91cc77334c475d36449cfaab6ad074","[{""name"":""write_file"",""callId"":""call_02_0FAkZZhvh0I35o5gP0yf5754"",""startSeq"":36,""endSeq"":37}]"
"m02-options","optimizer","3","public.test.mjs","25","45","call_03_tqkcJzvLv5bbsjjA6yr40544","call_00_jVHuAUI95YD2FhLqjFjW3119","true","true","true","true","true","de94562c2b6cbda2201a5d5eee6879119b7f44fce3a453cdf63db427c11d6212","de94562c2b6cbda2201a5d5eee6879119b7f44fce3a453cdf63db427c11d6212","[]"
"m02-options","optimizer","3","resolver.mjs","19","52","call_01_6Cha2MsRpglYlmS3daWr2824","call_00_d0OVBNPv5CSrKsKBvMCI2208","true","true","true","true","false","e6254244b857c5f137242f3219262ed8ee8eb9a721dea6591862b14de7cf5ec4","059133805347bda02de41fb67651431e387ff88acdabd381addf40fb20d1146b","[{""name"":""write_file"",""callId"":""call_01_lYlw3FJ29phccBG3R6ke9073"",""startSeq"":35,""endSeq"":36}]"
"m02-options","optimizer","3","formatter.mjs","22","55","call_02_q3RwYoGjWQB2IERvZcMo4290","call_01_KOh3ayIab4eGPaZVloSo6434","true","true","true","true","false","fcf97cb743f27295d7e3ecb90906e90db6cd2827e9fbe46befd7539280ff72c7","e6d925b6db3cbeab1c81492f4dc0c39dbeff9d627d3ee9b2bd7b9297c2f4bedb","[{""name"":""write_file"",""callId"":""call_02_4P2FNYerAV3yQ4WIHMf18341"",""startSeq"":38,""endSeq"":39}]"
"m02-options","optimizer","3","defaults.mjs","16","58","call_00_oEqgin8I6q3HaJBmZzVv4446","call_02_LGXKqlKIsk2jEQz1KhKz8190","true","true","true","true","false","3ad59ce476bd535040ad1f2a9735f1e62306eef6fdf2ee72dcd1b123f3b677d8","19c3c91218973317e6c16047d704a7a0730d16e0af566a1eb10d92063c099065","[{""name"":""write_file"",""callId"":""call_00_cNHgsS3I8DfmnIpgxrk84611"",""startSeq"":32,""endSeq"":33}]"
"m02-options","full","3","public.test.mjs","25","52","call_03_ZTaFMhGOIeVj2UfreL6m6497","call_00_o11Cgc2dtlYafY8yO7zK4094","true","true","true","true","true","de94562c2b6cbda2201a5d5eee6879119b7f44fce3a453cdf63db427c11d6212","de94562c2b6cbda2201a5d5eee6879119b7f44fce3a453cdf63db427c11d6212","[]"
"m02-options","full","3","resolver.mjs","19","59","call_01_Uj7XjJzm2uSEoN83TG205482","call_00_q7zFZbMQ3902rRo4nhVH8396","true","true","true","true","false","e6254244b857c5f137242f3219262ed8ee8eb9a721dea6591862b14de7cf5ec4","e10514d7ab7b5c66c1c04346016efc5b403e7a170b17d6d7246642e970dc72d3","[{""name"":""write_file"",""callId"":""call_01_amyZPyOYYVbuVh4DZh044509"",""startSeq"":35,""endSeq"":36}]"
"m02-options","full","3","formatter.mjs","22","62","call_02_sprel1mwah59eaRbPhzn3147","call_01_Nf19pJePF9u5IjRo19u79855","true","true","true","true","false","fcf97cb743f27295d7e3ecb90906e90db6cd2827e9fbe46befd7539280ff72c7","e6d925b6db3cbeab1c81492f4dc0c39dbeff9d627d3ee9b2bd7b9297c2f4bedb","[{""name"":""write_file"",""callId"":""call_02_N3fq8CIZO25KkSXVASI22220"",""startSeq"":38,""endSeq"":39}]"
"m02-options","full","3","defaults.mjs","16","65","call_00_wBzrrFFQkgDnYGWBIFgh3135","call_02_DeSKK8OKm7vKytQhaa0r7019","true","true","true","true","false","3ad59ce476bd535040ad1f2a9735f1e62306eef6fdf2ee72dcd1b123f3b677d8","56e3755d0ffef40127d34cf29a981e0d7e8d5cfb83dd8401245fadeea4784f7f","[{""name"":""write_file"",""callId"":""call_00_8rYUgLLOenqmdzNtkqFA1026"",""startSeq"":32,""endSeq"":33}]"
"m02-options","baseline","3","resolver.mjs","20","43","call_02_szIWl4vhrMM9BJcVO8U97556","call_00_tLWVKjleZDoN8zTG90kn2666","true","true","true","true","false","e6254244b857c5f137242f3219262ed8ee8eb9a721dea6591862b14de7cf5ec4","43db5da72af236e3055111ddbab2ecc174d841fcbb45fc401bbabb76bf0d5b5e","[{""name"":""write_file"",""callId"":""call_01_TWACyno8vjD4614pWjYX6533"",""startSeq"":33,""endSeq"":34}]"
"m02-options","baseline","3","formatter.mjs","17","46","call_01_8ZqCeqiaVw5jLBg4m7yf8068","call_01_CxLJDKMqwWfe6hdTXhst0503","true","true","true","true","false","fcf97cb743f27295d7e3ecb90906e90db6cd2827e9fbe46befd7539280ff72c7","efc786fc7e4d41af75d3b544d951113e7a91cc77334c475d36449cfaab6ad074","[{""name"":""write_file"",""callId"":""call_02_n6MH52KLA2iRfxV2eUbB6216"",""startSeq"":36,""endSeq"":37}]"
"m02-options","baseline","3","defaults.mjs","14","49","call_00_iRjEaEr9N5NYxIYP1ThZ5871","call_02_Av4Sf62cNQwm2BSquH4J9564","true","true","true","true","false","3ad59ce476bd535040ad1f2a9735f1e62306eef6fdf2ee72dcd1b123f3b677d8","19c3c91218973317e6c16047d704a7a0730d16e0af566a1eb10d92063c099065","[{""name"":""write_file"",""callId"":""call_00_8rImXIPLvDzCHIYKH3Ik6596"",""startSeq"":30,""endSeq"":31}]"
